"","bullet1","bullet2","cmps.diff","cmps.diff.med","cmps.max","cmps.maxbar","cmps.diff_scaled","cmps.diff.med_scaled","cmps.max_scaled","cmps.maxbar_scaled","type","type_truth"
"1","Br1 1","Br1 2",2.66666666666667,3,6,3.5,0.447777777777778,0.5,1,0.588888888888889,"KM","KM"
"2","Br1 1","Br10 1",0.333333333333333,0,2,1,0.0577777777777778,0,0.333333333333333,0.172222222222222,"KNM","KNM"
"3","Br1 1","Br10 2",0.4,0,1,1,0.0677777777777778,0,0.2,0.172222222222222,"KNM","KNM"
"4","Br1 1","Br2 1",0.366666666666667,0,2,1.33333333333333,0.0677777777777778,0,0.4,0.233333333333333,"KNM","KNM"
"5","Br1 1","Br2 2",0.366666666666667,0,2,1.16666666666667,0.07,0,0.4,0.205555555555556,"KNM","KNM"
"6","Br1 1","Br3 1",0.4,0,2,1.2,0.076,0,0.4,0.213333333333333,"KNM","KNM"
"7","Br1 1","Br3 2",0.133333333333333,0,2,1,0.0222222222222222,0,0.333333333333333,0.172222222222222,"KNM","KNM"
"8","Br1 1","Br4 1",0.333333333333333,0,1,0.833333333333333,0.0566666666666667,0,0.2,0.144444444444444,"KNM","KNM"
"9","Br1 1","Br4 2",0.533333333333333,1,2,1,0.0955555555555556,0.166666666666667,0.4,0.177777777777778,"KNM","KNM"
"10","Br1 1","Br5 1",0.4,0,2,1,0.0755555555555556,0,0.4,0.177777777777778,"KNM","KNM"
"11","Br1 1","Br5 2",0.133333333333333,0,1,0.833333333333333,0.0244444444444444,0,0.2,0.144444444444444,"KNM","KNM"
"12","Br1 1","Br6 1",0.233333333333333,0,2,1,0.0377777777777778,0,0.4,0.172222222222222,"KNM","KNM"
"13","Br1 1","Br6 2",0.76,0,2,1.4,0.129333333333333,0.0333333333333334,0.333333333333333,0.24,"KNM","KNM"
"14","Br1 1","Br7 1",0.266666666666667,0,2,1,0.0422222222222222,0,0.333333333333333,0.166666666666667,"KNM","KNM"
"15","Br1 1","Br7 2",0.366666666666667,0,2,1,0.0633333333333333,0,0.333333333333333,0.172222222222222,"KNM","KNM"
"16","Br1 1","Br8 1",0.7,0,2,1.33333333333333,0.118888888888889,0.0166666666666667,0.333333333333333,0.227777777777778,"KNM","KNM"
"17","Br1 1","Br8 2",0.2,0,2,1,0.0344444444444444,0,0.333333333333333,0.172222222222222,"KNM","KNM"
"18","Br1 1","Br9 1",0.0333333333333333,0,1,0.666666666666667,0.00888888888888889,0,0.2,0.116666666666667,"KNM","KNM"
"19","Br1 1","Br9 2",0.24,0,1,0.8,0.044,0,0.2,0.14,"KNM","KNM"
"20","Br1 1","Ukn B",0.4,0,2,1,0.0613333333333333,0,0.333333333333333,0.166666666666667,"Ukn","KNM"
"21","Br1 1","Ukn C",2.73333333333333,2.5,6,3.5,0.457777777777778,0.416666666666667,1,0.588888888888889,"Ukn","KM"
"22","Br1 1","Ukn D",0.266666666666667,0,2,1,0.0444444444444445,0,0.4,0.172222222222222,"Ukn","KNM"
"23","Br1 1","Ukn E",0.266666666666667,0,2,0.833333333333333,0.0455555555555555,0,0.4,0.144444444444444,"Ukn","KNM"
"24","Br1 1","Ukn F",3.8,4,6,4.5,0.634444444444444,0.666666666666667,1,0.755555555555556,"Ukn","KM"
"25","Br1 1","Ukn H",0.133333333333333,0,2,1,0.03,0,0.4,0.177777777777778,"Ukn","KNM"
"26","Br1 1","Ukn J",0.133333333333333,0,1,0.833333333333333,0.0244444444444444,0,0.2,0.144444444444444,"Ukn","KNM"
"27","Br1 1","Ukn L",0.533333333333333,0.5,2,1.33333333333333,0.09,0.1,0.333333333333333,0.227777777777778,"Ukn","KNM"
"28","Br1 1","Ukn M",0.466666666666667,0,2,1,0.0744444444444444,0,0.333333333333333,0.166666666666667,"Ukn","KNM"
"29","Br1 1","Ukn Q",0.2,0,2,1,0.0346666666666667,0,0.333333333333333,0.173333333333333,"Ukn","KNM"
"30","Br1 1","Ukn S",0.433333333333333,0,2,1,0.0755555555555556,0,0.333333333333333,0.172222222222222,"Ukn","KNM"
"31","Br1 1","Ukn U",0.233333333333333,0,2,1,0.0411111111111111,0,0.333333333333333,0.172222222222222,"Ukn","KNM"
"32","Br1 1","Ukn X",0.233333333333333,0,2,0.833333333333333,0.04,0,0.333333333333333,0.144444444444444,"Ukn","KNM"
"33","Br1 1","Ukn Y",0.2,0,2,1,0.0344444444444444,0,0.333333333333333,0.172222222222222,"Ukn","KNM"
"34","Br1 1","Ukn Z",0.2,0,2,1,0.0355555555555556,0,0.333333333333333,0.172222222222222,"Ukn","KNM"
"35","Br1 2","Br10 1",0.566666666666667,0,2,1.33333333333333,0.0944444444444444,0.0166666666666667,0.333333333333333,0.227777777777778,"KNM","KNM"
"36","Br1 2","Br10 2",0.133333333333333,0,2,0.833333333333333,0.0222222222222222,0,0.333333333333333,0.144444444444444,"KNM","KNM"
"37","Br1 2","Br2 1",0.166666666666667,0,1,1,0.0277777777777778,0,0.2,0.172222222222222,"KNM","KNM"
"38","Br1 2","Br2 2",0.4,0,3,1.16666666666667,0.0677777777777778,0,0.5,0.2,"KNM","KNM"
"39","Br1 2","Br3 1",0.44,0,3,1.2,0.0893333333333333,0,0.6,0.22,"KNM","KNM"
"40","Br1 2","Br3 2",0.466666666666667,0.5,2,1.33333333333333,0.0844444444444445,0.1,0.4,0.233333333333333,"KNM","KNM"
"41","Br1 2","Br4 1",0.4,1,2,0.833333333333333,0.0677777777777778,0.166666666666667,0.4,0.144444444444444,"KNM","KNM"
"42","Br1 2","Br4 2",0.333333333333333,0,2,1,0.0544444444444444,0,0.4,0.172222222222222,"KNM","KNM"
"43","Br1 2","Br5 1",0.266666666666667,0,1,1,0.0444444444444445,0,0.2,0.172222222222222,"KNM","KNM"
"44","Br1 2","Br5 2",0.166666666666667,0,2,1,0.0277777777777778,0,0.333333333333333,0.172222222222222,"KNM","KNM"
"45","Br1 2","Br6 1",0.333333333333333,0,2,1,0.0577777777777778,0,0.333333333333333,0.172222222222222,"KNM","KNM"
"46","Br1 2","Br6 2",0.56,0,2,1.2,0.096,0,0.333333333333333,0.206666666666667,"KNM","KNM"
"47","Br1 2","Br7 1",0.1,0,2,1,0.0177777777777778,0,0.333333333333333,0.172222222222222,"KNM","KNM"
"48","Br1 2","Br7 2",0.333333333333333,0,2,1,0.0566666666666667,0,0.333333333333333,0.172222222222222,"KNM","KNM"
"49","Br1 2","Br8 1",0.133333333333333,0,2,1,0.0222222222222222,0.0166666666666667,0.333333333333333,0.172222222222222,"KNM","KNM"
"50","Br1 2","Br8 2",0.333333333333333,0,2,1.16666666666667,0.0555555555555556,0.0166666666666667,0.333333333333333,0.2,"KNM","KNM"
"51","Br1 2","Br9 1",0.333333333333333,0,2,1,0.0566666666666667,0,0.333333333333333,0.172222222222222,"KNM","KNM"
"52","Br1 2","Br9 2",0.4,0,2,1,0.0693333333333333,0,0.333333333333333,0.173333333333333,"KNM","KNM"
"53","Br1 2","Ukn B",0.12,0,2,0.8,0.0293333333333333,0,0.4,0.146666666666667,"Ukn","KNM"
"54","Br1 2","Ukn C",3.26666666666667,3.5,6,4.16666666666667,0.543333333333333,0.583333333333333,1,0.7,"Ukn","KM"
"55","Br1 2","Ukn D",0.266666666666667,0,2,1.16666666666667,0.0444444444444444,0,0.333333333333333,0.2,"Ukn","KNM"
"56","Br1 2","Ukn E",0.366666666666667,1,1,0.833333333333333,0.0622222222222222,0.166666666666667,0.2,0.144444444444444,"Ukn","KNM"
"57","Br1 2","Ukn F",3.03333333333333,3.5,6,3.66666666666667,0.507777777777778,0.583333333333333,1,0.616666666666667,"Ukn","KM"
"58","Br1 2","Ukn H",0.266666666666667,0,2,1,0.0455555555555556,0,0.333333333333333,0.172222222222222,"Ukn","KNM"
"59","Br1 2","Ukn J",0.2,0,2,0.833333333333333,0.0355555555555555,0,0.333333333333333,0.144444444444444,"Ukn","KNM"
"60","Br1 2","Ukn L",0.6,0,2,1.33333333333333,0.103333333333333,0.0166666666666667,0.333333333333333,0.227777777777778,"Ukn","KNM"
"61","Br1 2","Ukn M",0.6,0,2,1.16666666666667,0.101111111111111,0,0.333333333333333,0.2,"Ukn","KNM"
"62","Br1 2","Ukn Q",0.6,0,2,1.4,0.102666666666667,0.0333333333333334,0.333333333333333,0.24,"Ukn","KNM"
"63","Br1 2","Ukn S",0.233333333333333,0,2,1,0.0455555555555556,0,0.4,0.177777777777778,"Ukn","KNM"
"64","Br1 2","Ukn U",0.233333333333333,0,1,1,0.0411111111111111,0,0.2,0.172222222222222,"Ukn","KNM"
"65","Br1 2","Ukn X",0.333333333333333,0,2,1,0.0555555555555556,0,0.333333333333333,0.172222222222222,"Ukn","KNM"
"66","Br1 2","Ukn Y",0.3,0,1,1,0.05,0,0.2,0.172222222222222,"Ukn","KNM"
"67","Br1 2","Ukn Z",0.133333333333333,0,2,1,0.0233333333333333,0,0.333333333333333,0.172222222222222,"Ukn","KNM"
"68","Br10 1","Br10 2",3.4,4,6,4.16666666666667,0.588888888888889,0.733333333333333,1,0.722222222222222,"KM","KM"
"69","Br10 1","Br2 1",0.533333333333333,0,2,1.16666666666667,0.0933333333333333,0,0.4,0.205555555555556,"KNM","KNM"
"70","Br10 1","Br2 2",0.366666666666667,0,2,1,0.0622222222222222,0,0.333333333333333,0.172222222222222,"KNM","KNM"
"71","Br10 1","Br3 1",0.6,0,2,1.2,0.114666666666667,0,0.4,0.22,"KNM","KNM"
"72","Br10 1","Br3 2",0.466666666666667,0,3,1.33333333333333,0.0811111111111111,0.0166666666666667,0.5,0.233333333333333,"KNM","KNM"
"73","Br10 1","Br4 1",0.233333333333333,0,2,1,0.04,0,0.333333333333333,0.172222222222222,"KNM","KNM"
"74","Br10 1","Br4 2",0.366666666666667,0,2,1,0.0688888888888889,0,0.333333333333333,0.177777777777778,"KNM","KNM"
"75","Br10 1","Br5 1",0.633333333333333,0.5,3,1.16666666666667,0.125555555555556,0.0833333333333333,0.6,0.216666666666667,"KNM","KNM"
"76","Br10 1","Br5 2",0.333333333333333,0,2,1,0.0688888888888889,0,0.4,0.183333333333333,"KNM","KNM"
"77","Br10 1","Br6 1",0.2,0,2,1,0.0388888888888889,0.0166666666666667,0.333333333333333,0.177777777777778,"KNM","KNM"
"78","Br10 1","Br6 2",0.32,0,2,1,0.0653333333333333,0,0.333333333333333,0.18,"KNM","KNM"
"79","Br10 1","Br7 1",0.3,0,1,0.833333333333333,0.0588888888888889,0,0.2,0.15,"KNM","KNM"
"80","Br10 1","Br7 2",0.433333333333333,0,2,1.16666666666667,0.0777777777777778,0.0166666666666667,0.333333333333333,0.205555555555556,"KNM","KNM"
"81","Br10 1","Br8 1",0.533333333333333,0,2,1.33333333333333,0.1,0.0166666666666667,0.4,0.238888888888889,"KNM","KNM"
"82","Br10 1","Br8 2",0.366666666666667,0,2,1,0.0644444444444444,0.0166666666666667,0.333333333333333,0.172222222222222,"KNM","KNM"
"83","Br10 1","Br9 1",0.2,0,2,1,0.0377777777777778,0,0.333333333333333,0.177777777777778,"KNM","KNM"
"84","Br10 1","Br9 2",0.2,0,2,1,0.0413333333333333,0,0.333333333333333,0.18,"KNM","KNM"
"85","Br10 1","Ukn B",0.32,0,2,1,0.064,0,0.333333333333333,0.18,"Ukn","KNM"
"86","Br10 1","Ukn C",0.366666666666667,0,2,1,0.0611111111111111,0,0.333333333333333,0.172222222222222,"Ukn","KNM"
"87","Br10 1","Ukn D",0.333333333333333,0,2,1.16666666666667,0.07,0,0.4,0.211111111111111,"Ukn","KNM"
"88","Br10 1","Ukn E",0.433333333333333,0,2,1.16666666666667,0.0733333333333333,0.0166666666666667,0.333333333333333,0.2,"Ukn","KNM"
"89","Br10 1","Ukn F",0.266666666666667,0,1,1,0.0511111111111111,0,0.2,0.177777777777778,"Ukn","KNM"
"90","Br10 1","Ukn H",0.633333333333333,0,2,1.16666666666667,0.116666666666667,0,0.4,0.211111111111111,"Ukn","KNM"
"91","Br10 1","Ukn J",0.233333333333333,0,3,1,0.0466666666666667,0,0.5,0.177777777777778,"Ukn","KNM"
"92","Br10 1","Ukn L",0.233333333333333,0,2,1,0.0377777777777778,0,0.333333333333333,0.172222222222222,"Ukn","KNM"
"93","Br10 1","Ukn M",0.633333333333333,0,2,1.16666666666667,0.122222222222222,0,0.4,0.211111111111111,"Ukn","KNM"
"94","Br10 1","Ukn Q",2.24,2,6,3,0.393333333333333,0.333333333333333,1,0.526666666666667,"Ukn","KM"
"95","Br10 1","Ukn S",0.233333333333333,0,2,1,0.0433333333333333,0,0.4,0.177777777777778,"Ukn","KNM"
"96","Br10 1","Ukn U",0.166666666666667,0,2,1,0.0311111111111111,0.0166666666666667,0.333333333333333,0.177777777777778,"Ukn","KNM"
"97","Br10 1","Ukn X",0.6,0,2,1.16666666666667,0.114444444444444,0,0.4,0.211111111111111,"Ukn","KNM"
"98","Br10 1","Ukn Y",0.3,0,2,1,0.0511111111111111,0.0166666666666667,0.333333333333333,0.172222222222222,"Ukn","KNM"
"99","Br10 1","Ukn Z",0.4,0,2,1.16666666666667,0.0688888888888889,0,0.4,0.205555555555556,"Ukn","KNM"
"100","Br10 2","Br2 1",0.6,0,2,1.16666666666667,0.107777777777778,0.0166666666666667,0.333333333333333,0.205555555555556,"KNM","KNM"
"101","Br10 2","Br2 2",0.133333333333333,0,2,1,0.03,0,0.4,0.183333333333333,"KNM","KNM"
"102","Br10 2","Br3 1",0.32,0,1,1,0.06,0,0.2,0.18,"KNM","KNM"
"103","Br10 2","Br3 2",0.2,0,2,1,0.0388888888888889,0,0.333333333333333,0.177777777777778,"KNM","KNM"
"104","Br10 2","Br4 1",0.266666666666667,0,2,1,0.0444444444444445,0,0.333333333333333,0.172222222222222,"KNM","KNM"
"105","Br10 2","Br4 2",0.166666666666667,0,3,0.833333333333333,0.0366666666666667,0,0.5,0.15,"KNM","KNM"
"106","Br10 2","Br5 1",0.133333333333333,0,2,0.833333333333333,0.0222222222222222,0,0.333333333333333,0.144444444444444,"KNM","KNM"
"107","Br10 2","Br5 2",0.266666666666667,0,2,0.833333333333333,0.04,0,0.333333333333333,0.138888888888889,"KNM","KNM"
"108","Br10 2","Br6 1",0.3,0,1,0.833333333333333,0.0533333333333333,0,0.2,0.144444444444444,"KNM","KNM"
"109","Br10 2","Br6 2",0.28,0,2,1,0.0493333333333333,0,0.333333333333333,0.173333333333333,"KNM","KNM"
"110","Br10 2","Br7 1",0.366666666666667,0,2,1,0.0677777777777778,0,0.333333333333333,0.177777777777778,"KNM","KNM"
"111","Br10 2","Br7 2",0.233333333333333,0,2,1,0.0444444444444445,0.0166666666666667,0.333333333333333,0.177777777777778,"KNM","KNM"
"112","Br10 2","Br8 1",0.266666666666667,0,2,1,0.05,0.0166666666666667,0.333333333333333,0.177777777777778,"KNM","KNM"
"113","Br10 2","Br8 2",0.433333333333333,0,2,1.16666666666667,0.0766666666666667,0.0333333333333334,0.333333333333333,0.205555555555556,"KNM","KNM"
"114","Br10 2","Br9 1",0.233333333333333,0,2,1,0.0344444444444444,0,0.333333333333333,0.172222222222222,"KNM","KNM"
"115","Br10 2","Br9 2",0.48,0,3,1.2,0.0866666666666667,0.0333333333333334,0.5,0.213333333333333,"KNM","KNM"
"116","Br10 2","Ukn B",0.24,0,2,1,0.0453333333333333,0.0333333333333334,0.4,0.18,"Ukn","KNM"
"117","Br10 2","Ukn C",0.133333333333333,0,2,1,0.0255555555555556,0.0166666666666667,0.333333333333333,0.177777777777778,"Ukn","KNM"
"118","Br10 2","Ukn D",0.333333333333333,0.5,2,1.16666666666667,0.0633333333333333,0.0833333333333333,0.4,0.205555555555556,"Ukn","KNM"
"119","Br10 2","Ukn E",0.2,0,2,1,0.0377777777777778,0.0166666666666667,0.333333333333333,0.177777777777778,"Ukn","KNM"
"120","Br10 2","Ukn F",0.166666666666667,0,2,1,0.03,0.0166666666666667,0.4,0.177777777777778,"Ukn","KNM"
"121","Br10 2","Ukn H",0.2,0,1,1,0.0377777777777778,0,0.2,0.177777777777778,"Ukn","KNM"
"122","Br10 2","Ukn J",0.333333333333333,0,2,1.16666666666667,0.0588888888888889,0.0166666666666667,0.4,0.205555555555556,"Ukn","KNM"
"123","Br10 2","Ukn L",0.466666666666667,0,2,1.16666666666667,0.0822222222222222,0.0166666666666667,0.4,0.205555555555556,"Ukn","KNM"
"124","Br10 2","Ukn M",0.3,0,2,1,0.05,0,0.333333333333333,0.172222222222222,"Ukn","KNM"
"125","Br10 2","Ukn Q",3.6,4,6,4.4,0.622666666666667,0.666666666666667,1,0.766666666666667,"Ukn","KM"
"126","Br10 2","Ukn S",0.166666666666667,0,2,1,0.0322222222222222,0,0.333333333333333,0.177777777777778,"Ukn","KNM"
"127","Br10 2","Ukn U",0.5,0,2,1.16666666666667,0.0933333333333333,0.0166666666666667,0.4,0.211111111111111,"Ukn","KNM"
"128","Br10 2","Ukn X",0.166666666666667,0,1,1,0.0311111111111111,0,0.2,0.177777777777778,"Ukn","KNM"
"129","Br10 2","Ukn Y",0.266666666666667,0,2,1,0.0522222222222222,0,0.333333333333333,0.177777777777778,"Ukn","KNM"
"130","Br10 2","Ukn Z",0.1,0,2,0.833333333333333,0.0188888888888889,0,0.333333333333333,0.144444444444444,"Ukn","KNM"
"131","Br2 1","Br2 2",4.43333333333333,4.5,6,5.16666666666667,0.762222222222222,0.833333333333333,1,0.888888888888889,"KM","KM"
"132","Br2 1","Br3 1",0.28,0,1,1,0.048,0,0.2,0.173333333333333,"KNM","KNM"
"133","Br2 1","Br3 2",0.2,0,2,1,0.0311111111111111,0,0.333333333333333,0.166666666666667,"KNM","KNM"
"134","Br2 1","Br4 1",0.433333333333333,0,2,1.16666666666667,0.0722222222222222,0,0.4,0.2,"KNM","KNM"
"135","Br2 1","Br4 2",0.533333333333333,0,2,1.33333333333333,0.09,0.0166666666666667,0.333333333333333,0.227777777777778,"KNM","KNM"
"136","Br2 1","Br5 1",0.433333333333333,0,1,1,0.0777777777777778,0,0.2,0.172222222222222,"KNM","KNM"
"137","Br2 1","Br5 2",0.2,0,2,0.833333333333333,0.0377777777777778,0,0.333333333333333,0.144444444444444,"KNM","KNM"
"138","Br2 1","Br6 1",0.566666666666667,0,3,1.33333333333333,0.0955555555555556,0,0.5,0.227777777777778,"KNM","KNM"
"139","Br2 1","Br6 2",0.24,0,2,1,0.0426666666666667,0,0.333333333333333,0.173333333333333,"KNM","KNM"
"140","Br2 1","Br7 1",0.233333333333333,0,2,1,0.0411111111111111,0,0.333333333333333,0.172222222222222,"KNM","KNM"
"141","Br2 1","Br7 2",0.533333333333333,0,2,1.33333333333333,0.0977777777777778,0,0.4,0.233333333333333,"KNM","KNM"
"142","Br2 1","Br8 1",0.433333333333333,0,2,1.16666666666667,0.0744444444444444,0,0.333333333333333,0.2,"KNM","KNM"
"143","Br2 1","Br8 2",0.1,0,1,0.833333333333333,0.02,0,0.2,0.144444444444444,"KNM","KNM"
"144","Br2 1","Br9 1",0.333333333333333,0,2,1,0.0588888888888889,0,0.333333333333333,0.172222222222222,"KNM","KNM"
"145","Br2 1","Br9 2",0.12,0,1,0.8,0.024,0,0.2,0.14,"KNM","KNM"
"146","Br2 1","Ukn B",0.28,0,2,1,0.056,0,0.4,0.18,"Ukn","KNM"
"147","Br2 1","Ukn C",0.233333333333333,0,1,0.833333333333333,0.0444444444444444,0,0.2,0.144444444444444,"Ukn","KNM"
"148","Br2 1","Ukn D",0.533333333333333,0,2,1.16666666666667,0.0922222222222222,0,0.333333333333333,0.2,"Ukn","KNM"
"149","Br2 1","Ukn E",0.4,0,3,1.33333333333333,0.0666666666666667,0.0166666666666667,0.5,0.227777777777778,"Ukn","KNM"
"150","Br2 1","Ukn F",0.233333333333333,0,2,1,0.0422222222222222,0,0.333333333333333,0.172222222222222,"Ukn","KNM"
"151","Br2 1","Ukn H",4.1,4.5,6,4.83333333333333,0.704444444444445,0.75,1,0.827777777777778,"Ukn","KM"
"152","Br2 1","Ukn J",0.2,0,1,0.833333333333333,0.0377777777777778,0,0.2,0.144444444444444,"Ukn","KNM"
"153","Br2 1","Ukn L",0.433333333333333,0,2,1.16666666666667,0.0744444444444444,0,0.333333333333333,0.2,"Ukn","KNM"
"154","Br2 1","Ukn M",0.266666666666667,0,2,1.16666666666667,0.0444444444444444,0,0.333333333333333,0.2,"Ukn","KNM"
"155","Br2 1","Ukn Q",0.68,0,2,1.4,0.121333333333333,0,0.4,0.246666666666667,"Ukn","KNM"
"156","Br2 1","Ukn S",0.3,0,2,1,0.0466666666666667,0,0.333333333333333,0.166666666666667,"Ukn","KNM"
"157","Br2 1","Ukn U",0.5,0,1,1,0.0866666666666667,0,0.2,0.172222222222222,"Ukn","KNM"
"158","Br2 1","Ukn X",0.233333333333333,0,2,0.833333333333333,0.0433333333333333,0,0.333333333333333,0.144444444444444,"Ukn","KNM"
"159","Br2 1","Ukn Y",0.266666666666667,0,2,1.16666666666667,0.0455555555555555,0,0.333333333333333,0.2,"Ukn","KNM"
"160","Br2 1","Ukn Z",0.333333333333333,0,1,1,0.0588888888888889,0,0.2,0.172222222222222,"Ukn","KNM"
"161","Br2 2","Br3 1",0.16,0,1,0.8,0.0266666666666667,0,0.166666666666667,0.133333333333333,"KNM","KNM"
"162","Br2 2","Br3 2",0.233333333333333,0,1,0.833333333333333,0.0388888888888889,0,0.166666666666667,0.138888888888889,"KNM","KNM"
"163","Br2 2","Br4 1",0.266666666666667,0,2,1,0.0444444444444444,0,0.333333333333333,0.166666666666667,"KNM","KNM"
"164","Br2 2","Br4 2",0.166666666666667,0,2,1,0.0277777777777778,0,0.333333333333333,0.166666666666667,"KNM","KNM"
"165","Br2 2","Br5 1",0.466666666666667,0.5,2,1,0.0777777777777778,0.0833333333333333,0.333333333333333,0.166666666666667,"KNM","KNM"
"166","Br2 2","Br5 2",0.2,0,2,0.833333333333333,0.0333333333333333,0,0.333333333333333,0.138888888888889,"KNM","KNM"
"167","Br2 2","Br6 1",0.5,0,2,1.33333333333333,0.0833333333333333,0,0.333333333333333,0.222222222222222,"KNM","KNM"
"168","Br2 2","Br6 2",0.16,0,2,1,0.0266666666666667,0,0.333333333333333,0.166666666666667,"KNM","KNM"
"169","Br2 2","Br7 1",0.133333333333333,0,2,1,0.0222222222222222,0,0.333333333333333,0.166666666666667,"KNM","KNM"
"170","Br2 2","Br7 2",0.233333333333333,0,3,1.33333333333333,0.0388888888888889,0,0.5,0.222222222222222,"KNM","KNM"
"171","Br2 2","Br8 1",0.266666666666667,0,1,1,0.0444444444444444,0,0.166666666666667,0.166666666666667,"KNM","KNM"
"172","Br2 2","Br8 2",0.266666666666667,0,1,1,0.0444444444444444,0,0.166666666666667,0.166666666666667,"KNM","KNM"
"173","Br2 2","Br9 1",0.333333333333333,0,2,1.16666666666667,0.0555555555555555,0,0.333333333333333,0.194444444444444,"KNM","KNM"
"174","Br2 2","Br9 2",0.36,0,2,1.2,0.06,0,0.333333333333333,0.2,"KNM","KNM"
"175","Br2 2","Ukn B",0.28,0,2,1,0.0466666666666667,0,0.333333333333333,0.166666666666667,"Ukn","KNM"
"176","Br2 2","Ukn C",0.266666666666667,0,2,1,0.0444444444444444,0,0.333333333333333,0.166666666666667,"Ukn","KNM"
"177","Br2 2","Ukn D",0.2,0,2,1,0.0333333333333333,0,0.333333333333333,0.166666666666667,"Ukn","KNM"
"178","Br2 2","Ukn E",0.133333333333333,0,1,1,0.0222222222222222,0,0.166666666666667,0.166666666666667,"Ukn","KNM"
"179","Br2 2","Ukn F",0.3,0,2,1,0.05,0,0.333333333333333,0.166666666666667,"Ukn","KNM"
"180","Br2 2","Ukn H",4.83333333333333,5,6,5.5,0.805555555555556,0.833333333333333,1,0.916666666666667,"Ukn","KM"
"181","Br2 2","Ukn J",0.1,0,2,1,0.0166666666666667,0,0.333333333333333,0.166666666666667,"Ukn","KNM"
"182","Br2 2","Ukn L",0.5,0,2,1.16666666666667,0.0833333333333333,0,0.333333333333333,0.194444444444444,"Ukn","KNM"
"183","Br2 2","Ukn M",0.2,0,1,1,0.0333333333333333,0,0.166666666666667,0.166666666666667,"Ukn","KNM"
"184","Br2 2","Ukn Q",0.32,0,2,1.2,0.0533333333333333,0,0.333333333333333,0.2,"Ukn","KNM"
"185","Br2 2","Ukn S",0.333333333333333,0,2,1,0.0555555555555556,0,0.333333333333333,0.166666666666667,"Ukn","KNM"
"186","Br2 2","Ukn U",0.733333333333333,0,3,1.5,0.122222222222222,0,0.5,0.25,"Ukn","KNM"
"187","Br2 2","Ukn X",0.266666666666667,0,2,1,0.0444444444444444,0,0.333333333333333,0.166666666666667,"Ukn","KNM"
"188","Br2 2","Ukn Y",0.266666666666667,0,1,1,0.0444444444444444,0,0.166666666666667,0.166666666666667,"Ukn","KNM"
"189","Br2 2","Ukn Z",0.1,0.5,2,0.666666666666667,0.0166666666666667,0.0833333333333333,0.333333333333333,0.111111111111111,"Ukn","KNM"
"190","Br3 1","Br3 2",3,3,5,3.6,0.518666666666667,0.5,0.833333333333333,0.62,"KM","KM"
"191","Br3 1","Br4 1",0.36,0,2,1,0.0573333333333333,0,0.333333333333333,0.166666666666667,"KNM","KNM"
"192","Br3 1","Br4 2",0.12,0,2,1,0.0266666666666667,0,0.4,0.18,"KNM","KNM"
"193","Br3 1","Br5 1",0.2,0,2,1,0.0373333333333334,0,0.333333333333333,0.173333333333333,"KNM","KNM"
"194","Br3 1","Br5 2",0.44,0,3,1.2,0.0866666666666667,0,0.5,0.213333333333333,"KNM","KNM"
"195","Br3 1","Br6 1",0.2,0,2,1,0.0346666666666667,0.0333333333333334,0.333333333333333,0.173333333333333,"KNM","KNM"
"196","Br3 1","Br6 2",0.392857142857143,0,2,1.25,0.0674603174603175,0.0166666666666667,0.333333333333333,0.216666666666667,"KNM","KNM"
"197","Br3 1","Br7 1",0.28,0,2,1.2,0.0493333333333333,0,0.333333333333333,0.206666666666667,"KNM","KNM"
"198","Br3 1","Br7 2",0.6,0,2,1.4,0.104,0.0333333333333334,0.333333333333333,0.24,"KNM","KNM"
"199","Br3 1","Br8 1",0.32,0,2,1.2,0.0533333333333333,0,0.333333333333333,0.206666666666667,"KNM","KNM"
"200","Br3 1","Br8 2",0.36,0,2,1.2,0.0613333333333333,0,0.333333333333333,0.206666666666667,"KNM","KNM"
"201","Br3 1","Br9 1",0.2,0,3,1,0.04,0,0.5,0.18,"KNM","KNM"
"202","Br3 1","Br9 2",0.345238095238095,0.5,2,1.25,0.0662698412698413,0.0833333333333333,0.4,0.225,"KNM","KNM"
"203","Br3 1","Ukn B",0.19047619047619,0,2,1,0.0384920634920635,0,0.333333333333333,0.175,"Ukn","KNM"
"204","Br3 1","Ukn C",0.2,0,2,1,0.036,0,0.333333333333333,0.173333333333333,"Ukn","KNM"
"205","Br3 1","Ukn D",0.32,0,2,1,0.0546666666666667,0,0.4,0.173333333333333,"Ukn","KNM"
"206","Br3 1","Ukn E",0.12,0,1,0.8,0.0213333333333333,0,0.2,0.14,"Ukn","KNM"
"207","Br3 1","Ukn F",0.48,0,2,1.2,0.0826666666666667,0,0.333333333333333,0.206666666666667,"Ukn","KNM"
"208","Br3 1","Ukn H",0.16,0,2,0.8,0.0293333333333333,0,0.333333333333333,0.14,"Ukn","KNM"
"209","Br3 1","Ukn J",0.56,0,3,1.4,0.096,0.0333333333333334,0.5,0.24,"Ukn","KNM"
"210","Br3 1","Ukn L",0.48,0,3,1.2,0.0826666666666667,0,0.5,0.206666666666667,"Ukn","KNM"
"211","Br3 1","Ukn M",0.36,0,2,1.2,0.0613333333333333,0,0.4,0.206666666666667,"Ukn","KNM"
"212","Br3 1","Ukn Q",0.25,0,2,1,0.0432539682539682,0,0.333333333333333,0.175,"Ukn","KNM"
"213","Br3 1","Ukn S",3.44,4,6,4.2,0.573333333333333,0.666666666666667,1,0.706666666666667,"Ukn","KM"
"214","Br3 1","Ukn U",0.6,1,2,1.4,0.101333333333333,0.166666666666667,0.4,0.24,"Ukn","KNM"
"215","Br3 1","Ukn X",3.64,2,6,4.2,0.625333333333333,0.433333333333333,1,0.72,"Ukn","KM"
"216","Br3 1","Ukn Y",0.76,0,2,1.4,0.129333333333333,0.0333333333333334,0.333333333333333,0.24,"Ukn","KNM"
"217","Br3 1","Ukn Z",0.32,0,2,1,0.0573333333333333,0,0.333333333333333,0.173333333333333,"Ukn","KNM"
"218","Br3 2","Br4 1",0.466666666666667,0.5,2,1.33333333333333,0.0833333333333333,0.0833333333333333,0.4,0.233333333333333,"KNM","KNM"
"219","Br3 2","Br4 2",0.7,0,2,1.33333333333333,0.117777777777778,0.0166666666666667,0.4,0.227777777777778,"KNM","KNM"
"220","Br3 2","Br5 1",0.633333333333333,0,3,1.33333333333333,0.11,0,0.5,0.227777777777778,"KNM","KNM"
"221","Br3 2","Br5 2",0.466666666666667,0,2,1.16666666666667,0.0822222222222222,0,0.333333333333333,0.2,"KNM","KNM"
"222","Br3 2","Br6 1",0.0333333333333333,0,2,0.833333333333333,0.00666666666666665,0,0.333333333333333,0.144444444444444,"KNM","KNM"
"223","Br3 2","Br6 2",0.4,0,2,1.2,0.0693333333333333,0,0.333333333333333,0.206666666666667,"KNM","KNM"
"224","Br3 2","Br7 1",0.5,0,3,1.33333333333333,0.0855555555555556,0,0.5,0.227777777777778,"KNM","KNM"
"225","Br3 2","Br7 2",0.333333333333333,0,2,1,0.0588888888888889,0,0.333333333333333,0.172222222222222,"KNM","KNM"
"226","Br3 2","Br8 1",0.566666666666667,0.5,2,1.33333333333333,0.102222222222222,0.0833333333333333,0.4,0.233333333333333,"KNM","KNM"
"227","Br3 2","Br8 2",0.266666666666667,0,2,1,0.0444444444444445,0,0.333333333333333,0.172222222222222,"KNM","KNM"
"228","Br3 2","Br9 1",0.266666666666667,0,1,1,0.0466666666666667,0,0.2,0.172222222222222,"KNM","KNM"
"229","Br3 2","Br9 2",0.24,0,1,1,0.0426666666666667,0,0.2,0.173333333333333,"KNM","KNM"
"230","Br3 2","Ukn B",0.36,0,2,1.2,0.06,0,0.4,0.206666666666667,"Ukn","KNM"
"231","Br3 2","Ukn C",0.333333333333333,0,2,1.16666666666667,0.0555555555555556,0,0.4,0.2,"Ukn","KNM"
"232","Br3 2","Ukn D",0.233333333333333,0,2,1,0.0366666666666667,0,0.333333333333333,0.166666666666667,"Ukn","KNM"
"233","Br3 2","Ukn E",0.166666666666667,0,2,0.833333333333333,0.0355555555555555,0,0.4,0.15,"Ukn","KNM"
"234","Br3 2","Ukn F",0.133333333333333,0,2,0.833333333333333,0.0233333333333333,0,0.333333333333333,0.144444444444444,"Ukn","KNM"
"235","Br3 2","Ukn H",0.433333333333333,0,2,1,0.0755555555555556,0,0.333333333333333,0.172222222222222,"Ukn","KNM"
"236","Br3 2","Ukn J",0.366666666666667,0.5,2,1.16666666666667,0.0577777777777778,0.0833333333333333,0.333333333333333,0.194444444444444,"Ukn","KNM"
"237","Br3 2","Ukn L",0.366666666666667,0,2,1.16666666666667,0.0622222222222222,0.0166666666666667,0.333333333333333,0.2,"Ukn","KNM"
"238","Br3 2","Ukn M",0.5,0,3,1.33333333333333,0.08,0,0.5,0.222222222222222,"Ukn","KNM"
"239","Br3 2","Ukn Q",0.32,0,2,1,0.0586666666666667,0,0.333333333333333,0.173333333333333,"Ukn","KNM"
"240","Br3 2","Ukn S",2.9,3.5,6,3.66666666666667,0.48,0.583333333333333,1,0.611111111111111,"Ukn","KM"
"241","Br3 2","Ukn U",0.4,0,2,1,0.0688888888888889,0,0.333333333333333,0.172222222222222,"Ukn","KNM"
"242","Br3 2","Ukn X",2.43333333333333,2,6,3.33333333333333,0.411111111111111,0.333333333333333,1,0.566666666666667,"Ukn","KM"
"243","Br3 2","Ukn Y",0.566666666666667,0,2,1.16666666666667,0.105555555555556,0,0.4,0.205555555555556,"Ukn","KNM"
"244","Br3 2","Ukn Z",0.466666666666667,0,3,1.16666666666667,0.0788888888888889,0,0.5,0.2,"Ukn","KNM"
"245","Br4 1","Br4 2",3.23333333333333,4.5,6,4.16666666666667,0.538888888888889,0.75,1,0.694444444444444,"KM","KM"
"246","Br4 1","Br5 1",0.533333333333333,0,2,1.16666666666667,0.0888888888888889,0,0.333333333333333,0.194444444444444,"KNM","KNM"
"247","Br4 1","Br5 2",0.666666666666667,0,3,1.33333333333333,0.111111111111111,0,0.5,0.222222222222222,"KNM","KNM"
"248","Br4 1","Br6 1",0.166666666666667,1,2,0.666666666666667,0.0277777777777778,0.166666666666667,0.333333333333333,0.111111111111111,"KNM","KNM"
"249","Br4 1","Br6 2",0.28,0,2,1,0.0466666666666667,0,0.333333333333333,0.166666666666667,"KNM","KNM"
"250","Br4 1","Br7 1",0.366666666666667,0,2,1,0.0611111111111111,0,0.333333333333333,0.166666666666667,"KNM","KNM"
"251","Br4 1","Br7 2",0.566666666666667,0.5,2,1.5,0.0944444444444444,0.0833333333333333,0.333333333333333,0.25,"KNM","KNM"
"252","Br4 1","Br8 1",0.333333333333333,0,3,1.16666666666667,0.0555555555555556,0,0.5,0.194444444444444,"KNM","KNM"
"253","Br4 1","Br8 2",0.166666666666667,0,2,1,0.0277777777777778,0,0.333333333333333,0.166666666666667,"KNM","KNM"
"254","Br4 1","Br9 1",0.3,0,2,1,0.05,0,0.333333333333333,0.166666666666667,"KNM","KNM"
"255","Br4 1","Br9 2",0.4,0,2,1.2,0.0666666666666667,0,0.333333333333333,0.2,"KNM","KNM"
"256","Br4 1","Ukn B",2.96,2,6,3.8,0.493333333333333,0.333333333333333,1,0.633333333333333,"Ukn","KM"
"257","Br4 1","Ukn C",0.2,0,1,0.833333333333333,0.0333333333333333,0,0.166666666666667,0.138888888888889,"Ukn","KNM"
"258","Br4 1","Ukn D",0.633333333333333,0,2,1.33333333333333,0.105555555555556,0,0.333333333333333,0.222222222222222,"Ukn","KNM"
"259","Br4 1","Ukn E",0.633333333333333,0,2,1.16666666666667,0.105555555555556,0,0.333333333333333,0.194444444444444,"Ukn","KNM"
"260","Br4 1","Ukn F",0.3,0,2,1,0.05,0,0.333333333333333,0.166666666666667,"Ukn","KNM"
"261","Br4 1","Ukn H",0.3,0,2,1,0.05,0,0.333333333333333,0.166666666666667,"Ukn","KNM"
"262","Br4 1","Ukn J",0,0,2,1,0,0,0.333333333333333,0.166666666666667,"Ukn","KNM"
"263","Br4 1","Ukn L",0.566666666666667,0,2,1.33333333333333,0.0944444444444444,0,0.333333333333333,0.222222222222222,"Ukn","KNM"
"264","Br4 1","Ukn M",0.233333333333333,0,2,1,0.0388888888888889,0,0.333333333333333,0.166666666666667,"Ukn","KNM"
"265","Br4 1","Ukn Q",0.48,0,2,1.2,0.08,0,0.333333333333333,0.2,"Ukn","KNM"
"266","Br4 1","Ukn S",0.533333333333333,0,2,1.33333333333333,0.0888888888888889,0,0.333333333333333,0.222222222222222,"Ukn","KNM"
"267","Br4 1","Ukn U",0.166666666666667,0,2,1,0.0277777777777778,0,0.333333333333333,0.166666666666667,"Ukn","KNM"
"268","Br4 1","Ukn X",0.466666666666667,0,2,1.16666666666667,0.0777777777777778,0,0.333333333333333,0.194444444444444,"Ukn","KNM"
"269","Br4 1","Ukn Y",0.2,0,2,1,0.0333333333333333,0,0.333333333333333,0.166666666666667,"Ukn","KNM"
"270","Br4 1","Ukn Z",0.633333333333333,0,3,1.16666666666667,0.105555555555556,0,0.5,0.194444444444444,"Ukn","KNM"
"271","Br4 2","Br5 1",0.233333333333333,0,2,1,0.0444444444444445,0.0166666666666667,0.4,0.177777777777778,"KNM","KNM"
"272","Br4 2","Br5 2",0.333333333333333,0,3,1,0.0611111111111111,0,0.5,0.177777777777778,"KNM","KNM"
"273","Br4 2","Br6 1",0.433333333333333,0.5,2,1.33333333333333,0.0788888888888889,0.1,0.4,0.238888888888889,"KNM","KNM"
"274","Br4 2","Br6 2",0.32,0,2,1.4,0.048,0.0333333333333334,0.4,0.24,"KNM","KNM"
"275","Br4 2","Br7 1",0.1,0,1,0.833333333333333,0.02,0,0.2,0.15,"KNM","KNM"
"276","Br4 2","Br7 2",0.533333333333333,0.5,2,1.5,0.0966666666666667,0.1,0.4,0.266666666666667,"KNM","KNM"
"277","Br4 2","Br8 1",0.333333333333333,0,2,1,0.0555555555555556,0,0.333333333333333,0.172222222222222,"KNM","KNM"
"278","Br4 2","Br8 2",0.2,0,2,0.833333333333333,0.0333333333333333,0,0.333333333333333,0.144444444444444,"KNM","KNM"
"279","Br4 2","Br9 1",0.2,0,2,0.833333333333333,0.0388888888888889,0,0.333333333333333,0.15,"KNM","KNM"
"280","Br4 2","Br9 2",0.32,0,1,1,0.0613333333333333,0,0.2,0.18,"KNM","KNM"
"281","Br4 2","Ukn B",1.88,2,5,2.8,0.328,0.333333333333333,0.833333333333333,0.493333333333333,"Ukn","KM"
"282","Br4 2","Ukn C",0.1,0,1,0.666666666666667,0.02,0,0.2,0.116666666666667,"Ukn","KNM"
"283","Br4 2","Ukn D",0.433333333333333,0,3,1.16666666666667,0.08,0.0166666666666667,0.5,0.205555555555556,"Ukn","KNM"
"284","Br4 2","Ukn E",0.333333333333333,0,3,1.16666666666667,0.0555555555555556,0.0166666666666667,0.6,0.205555555555556,"Ukn","KNM"
"285","Br4 2","Ukn F",0.3,0,2,1,0.0611111111111111,0.0166666666666667,0.4,0.183333333333333,"Ukn","KNM"
"286","Br4 2","Ukn H",0.233333333333333,0,2,1.16666666666667,0.0411111111111111,0.0333333333333334,0.333333333333333,0.205555555555556,"Ukn","KNM"
"287","Br4 2","Ukn J",0.4,0,2,1.33333333333333,0.0722222222222222,0.0166666666666667,0.4,0.238888888888889,"Ukn","KNM"
"288","Br4 2","Ukn L",0.2,0,2,1,0.0377777777777778,0,0.333333333333333,0.177777777777778,"Ukn","KNM"
"289","Br4 2","Ukn M",0.266666666666667,0,2,1,0.0422222222222222,0,0.4,0.172222222222222,"Ukn","KNM"
"290","Br4 2","Ukn Q",0.32,0,2,1,0.052,0,0.333333333333333,0.173333333333333,"Ukn","KNM"
"291","Br4 2","Ukn S",0.2,0,2,1,0.0422222222222222,0.0166666666666667,0.4,0.183333333333333,"Ukn","KNM"
"292","Br4 2","Ukn U",0.533333333333333,0,2,1.33333333333333,0.0922222222222222,0.0333333333333334,0.333333333333333,0.233333333333333,"Ukn","KNM"
"293","Br4 2","Ukn X",0.433333333333333,0,2,1.16666666666667,0.0711111111111111,0.0166666666666667,0.4,0.2,"Ukn","KNM"
"294","Br4 2","Ukn Y",0.666666666666667,0.5,2,1.5,0.118888888888889,0.1,0.4,0.266666666666667,"Ukn","KNM"
"295","Br4 2","Ukn Z",0.2,0,2,1,0.0377777777777778,0.0166666666666667,0.4,0.177777777777778,"Ukn","KNM"
"296","Br5 1","Br5 2",4.5,6,6,5,0.75,1,1,0.833333333333333,"KM","KM"
"297","Br5 1","Br6 1",0.2,0,2,0.833333333333333,0.0333333333333333,0,0.333333333333333,0.138888888888889,"KNM","KNM"
"298","Br5 1","Br6 2",0.0800000000000001,0,2,0.8,0.0133333333333333,0,0.333333333333333,0.133333333333333,"KNM","KNM"
"299","Br5 1","Br7 1",0.1,0,2,1,0.0166666666666667,0,0.333333333333333,0.166666666666667,"KNM","KNM"
"300","Br5 1","Br7 2",0.633333333333333,0,2,1.33333333333333,0.105555555555556,0,0.333333333333333,0.222222222222222,"KNM","KNM"
"301","Br5 1","Br8 1",0.133333333333333,0,2,1,0.0222222222222222,0,0.333333333333333,0.166666666666667,"KNM","KNM"
"302","Br5 1","Br8 2",0.366666666666667,0,2,1.16666666666667,0.0611111111111111,0,0.333333333333333,0.194444444444444,"KNM","KNM"
"303","Br5 1","Br9 1",0.2,0,2,1,0.0333333333333333,0,0.333333333333333,0.166666666666667,"KNM","KNM"
"304","Br5 1","Br9 2",0.28,0,2,1,0.0466666666666667,0,0.333333333333333,0.166666666666667,"KNM","KNM"
"305","Br5 1","Ukn B",0.44,0,2,1.2,0.0733333333333333,0,0.333333333333333,0.2,"Ukn","KNM"
"306","Br5 1","Ukn C",0.4,0,1,1,0.0666666666666667,0,0.166666666666667,0.166666666666667,"Ukn","KNM"
"307","Br5 1","Ukn D",4.36666666666667,4.5,6,5.16666666666667,0.727777777777778,0.75,1,0.861111111111111,"Ukn","KM"
"308","Br5 1","Ukn E",0.366666666666667,0,2,1.16666666666667,0.0611111111111111,0,0.333333333333333,0.194444444444444,"Ukn","KNM"
"309","Br5 1","Ukn F",0.166666666666667,0,2,1,0.0277777777777778,0,0.333333333333333,0.166666666666667,"Ukn","KNM"
"310","Br5 1","Ukn H",0.0333333333333333,0,1,0.833333333333333,0.00555555555555556,0,0.166666666666667,0.138888888888889,"Ukn","KNM"
"311","Br5 1","Ukn J",0.466666666666667,0,2,1.16666666666667,0.0777777777777778,0,0.333333333333333,0.194444444444444,"Ukn","KNM"
"312","Br5 1","Ukn L",0.3,0,2,1,0.05,0,0.333333333333333,0.166666666666667,"Ukn","KNM"
"313","Br5 1","Ukn M",0.266666666666667,0,2,1,0.0444444444444444,0,0.333333333333333,0.166666666666667,"Ukn","KNM"
"314","Br5 1","Ukn Q",0.36,0,2,1.2,0.06,0,0.333333333333333,0.2,"Ukn","KNM"
"315","Br5 1","Ukn S",0.233333333333333,0,2,1.16666666666667,0.0388888888888889,0,0.333333333333333,0.194444444444444,"Ukn","KNM"
"316","Br5 1","Ukn U",0.433333333333333,0,2,1.16666666666667,0.0722222222222222,0,0.333333333333333,0.194444444444444,"Ukn","KNM"
"317","Br5 1","Ukn X",0.333333333333333,0,1,1,0.0555555555555556,0,0.166666666666667,0.166666666666667,"Ukn","KNM"
"318","Br5 1","Ukn Y",0.333333333333333,0,2,1,0.0555555555555556,0,0.333333333333333,0.166666666666667,"Ukn","KNM"
"319","Br5 1","Ukn Z",3.66666666666667,4,6,4.33333333333333,0.611111111111111,0.666666666666667,1,0.722222222222222,"Ukn","KM"
"320","Br5 2","Br6 1",0.333333333333333,0,2,1,0.0638888888888889,0,0.333333333333333,0.180555555555556,"KNM","KNM"
"321","Br5 2","Br6 2",0.4,0,2,1,0.0733333333333333,0,0.333333333333333,0.183333333333333,"KNM","KNM"
"322","Br5 2","Br7 1",0.466666666666667,0,2,1.16666666666667,0.0861111111111111,0,0.333333333333333,0.208333333333333,"KNM","KNM"
"323","Br5 2","Br7 2",0.3,0,2,1,0.0583333333333333,0,0.333333333333333,0.180555555555556,"KNM","KNM"
"324","Br5 2","Br8 1",0.3,0,2,1,0.0527777777777778,0,0.333333333333333,0.180555555555556,"KNM","KNM"
"325","Br5 2","Br8 2",0.266666666666667,0,2,1,0.0527777777777778,0,0.333333333333333,0.180555555555556,"KNM","KNM"
"326","Br5 2","Br9 1",0.233333333333333,0,2,1.16666666666667,0.0388888888888889,0,0.333333333333333,0.208333333333333,"KNM","KNM"
"327","Br5 2","Br9 2",0.24,0,2,1,0.0666666666666667,0,0.5,0.2,"KNM","KNM"
"328","Br5 2","Ukn B",0.4,0,2,1.2,0.08,0,0.333333333333333,0.216666666666667,"Ukn","KNM"
"329","Br5 2","Ukn C",0.333333333333333,0,2,1,0.0611111111111111,0,0.333333333333333,0.180555555555556,"Ukn","KNM"
"330","Br5 2","Ukn D",3.23333333333333,4,6,4.16666666666667,0.527777777777778,0.666666666666667,1,0.694444444444444,"Ukn","KM"
"331","Br5 2","Ukn E",0.233333333333333,0,2,0.833333333333333,0.05,0,0.333333333333333,0.152777777777778,"Ukn","KNM"
"332","Br5 2","Ukn F",0.333333333333333,0,2,1,0.0611111111111111,0,0.333333333333333,0.180555555555556,"Ukn","KNM"
"333","Br5 2","Ukn H",0.166666666666667,0,2,0.833333333333333,0.0333333333333333,0,0.333333333333333,0.152777777777778,"Ukn","KNM"
"334","Br5 2","Ukn J",0.233333333333333,0,2,1,0.0416666666666667,0,0.5,0.180555555555556,"Ukn","KNM"
"335","Br5 2","Ukn L",0.433333333333333,0,2,1,0.0611111111111111,0,0.333333333333333,0.166666666666667,"Ukn","KNM"
"336","Br5 2","Ukn M",0.3,0,1,1,0.0555555555555556,0,0.25,0.180555555555556,"Ukn","KNM"
"337","Br5 2","Ukn Q",0.2,0,2,1,0.0433333333333333,0,0.333333333333333,0.183333333333333,"Ukn","KNM"
"338","Br5 2","Ukn S",0.433333333333333,0,2,1.16666666666667,0.0833333333333333,0,0.333333333333333,0.208333333333333,"Ukn","KNM"
"339","Br5 2","Ukn U",0.2,0,2,1,0.0361111111111111,0,0.333333333333333,0.180555555555556,"Ukn","KNM"
"340","Br5 2","Ukn X",0.3,0,2,1,0.0611111111111111,0,0.333333333333333,0.180555555555556,"Ukn","KNM"
"341","Br5 2","Ukn Y",0.2,0,2,0.833333333333333,0.0388888888888889,0,0.333333333333333,0.152777777777778,"Ukn","KNM"
"342","Br5 2","Ukn Z",3.03333333333333,3.5,6,3.66666666666667,0.497222222222222,0.583333333333333,1,0.611111111111111,"Ukn","KM"
"343","Br6 1","Br6 2",3.04,3,6,4,0.506666666666667,0.5,1,0.666666666666667,"KM","KM"
"344","Br6 1","Br7 1",0.233333333333333,0,2,1.16666666666667,0.0388888888888889,0,0.333333333333333,0.194444444444444,"KNM","KNM"
"345","Br6 1","Br7 2",0.4,0,2,1.33333333333333,0.0666666666666667,0,0.333333333333333,0.222222222222222,"KNM","KNM"
"346","Br6 1","Br8 1",0.133333333333333,0,2,1,0.0222222222222222,0,0.333333333333333,0.166666666666667,"KNM","KNM"
"347","Br6 1","Br8 2",0.466666666666667,0,2,1.33333333333333,0.0777777777777778,0,0.333333333333333,0.222222222222222,"KNM","KNM"
"348","Br6 1","Br9 1",0.466666666666667,0,2,1.16666666666667,0.0777777777777778,0,0.333333333333333,0.194444444444444,"KNM","KNM"
"349","Br6 1","Br9 2",0.28,0,2,1,0.0466666666666667,0,0.333333333333333,0.166666666666667,"KNM","KNM"
"350","Br6 1","Ukn B",0.24,0,2,1,0.04,0,0.333333333333333,0.166666666666667,"Ukn","KNM"
"351","Br6 1","Ukn C",0.2,0,2,1,0.0333333333333333,0,0.333333333333333,0.166666666666667,"Ukn","KNM"
"352","Br6 1","Ukn D",0.3,0,2,1,0.05,0,0.333333333333333,0.166666666666667,"Ukn","KNM"
"353","Br6 1","Ukn E",3.66666666666667,4.5,6,4.5,0.611111111111111,0.75,1,0.75,"Ukn","KM"
"354","Br6 1","Ukn F",0.6,0,3,1.33333333333333,0.1,0,0.5,0.222222222222222,"Ukn","KNM"
"355","Br6 1","Ukn H",0.0666666666666667,0,2,0.833333333333333,0.0111111111111111,0,0.333333333333333,0.138888888888889,"Ukn","KNM"
"356","Br6 1","Ukn J",0.2,0,2,1.16666666666667,0.0333333333333333,0,0.333333333333333,0.194444444444444,"Ukn","KNM"
"357","Br6 1","Ukn L",0.166666666666667,0,2,1,0.0277777777777778,0,0.333333333333333,0.166666666666667,"Ukn","KNM"
"358","Br6 1","Ukn M",2.06666666666667,1.5,6,3.16666666666667,0.344444444444444,0.25,1,0.527777777777778,"Ukn","KM"
"359","Br6 1","Ukn Q",0.2,0,1,0.8,0.0333333333333333,0,0.166666666666667,0.133333333333333,"Ukn","KNM"
"360","Br6 1","Ukn S",0.133333333333333,0,2,0.833333333333333,0.0222222222222222,0,0.333333333333333,0.138888888888889,"Ukn","KNM"
"361","Br6 1","Ukn U",0.266666666666667,0,2,1.16666666666667,0.0444444444444444,0,0.333333333333333,0.194444444444444,"Ukn","KNM"
"362","Br6 1","Ukn X",0.1,0,1,0.833333333333333,0.0166666666666667,0,0.166666666666667,0.138888888888889,"Ukn","KNM"
"363","Br6 1","Ukn Y",3.93333333333333,5,6,4.83333333333333,0.655555555555556,0.833333333333333,1,0.805555555555556,"Ukn","KM"
"364","Br6 1","Ukn Z",0.1,0,3,0.833333333333333,0.0166666666666667,0,0.5,0.138888888888889,"Ukn","KNM"
"365","Br6 2","Br7 1",0.52,0,2,1.4,0.0866666666666666,0,0.333333333333333,0.233333333333333,"KNM","KNM"
"366","Br6 2","Br7 2",0.48,0,2,1.2,0.08,0,0.333333333333333,0.2,"KNM","KNM"
"367","Br6 2","Br8 1",0.4,0,2,1.2,0.0666666666666667,0,0.333333333333333,0.2,"KNM","KNM"
"368","Br6 2","Br8 2",0.48,0,2,1.2,0.08,0,0.333333333333333,0.2,"KNM","KNM"
"369","Br6 2","Br9 1",0.48,0,2,1.2,0.08,0,0.333333333333333,0.2,"KNM","KNM"
"370","Br6 2","Br9 2",0.5,0,3,1.4,0.0833333333333333,0,0.5,0.233333333333333,"KNM","KNM"
"371","Br6 2","Ukn B",0.392857142857143,0,2,1.25,0.0654761904761905,0,0.333333333333333,0.208333333333333,"Ukn","KNM"
"372","Br6 2","Ukn C",0.48,0,2,1.2,0.08,0,0.333333333333333,0.2,"Ukn","KNM"
"373","Br6 2","Ukn D",0.24,0,2,1,0.04,0,0.333333333333333,0.166666666666667,"Ukn","KNM"
"374","Br6 2","Ukn E",4.28,5,6,5.2,0.713333333333333,0.833333333333333,1,0.866666666666667,"Ukn","KM"
"375","Br6 2","Ukn F",0.32,0,3,1.2,0.0533333333333333,0,0.5,0.2,"Ukn","KNM"
"376","Br6 2","Ukn H",0.12,0,1,1,0.02,0,0.166666666666667,0.166666666666667,"Ukn","KNM"
"377","Br6 2","Ukn J",0.4,0,2,1.2,0.0666666666666667,0,0.333333333333333,0.2,"Ukn","KNM"
"378","Br6 2","Ukn L",0.56,0,2,1.2,0.0933333333333333,0,0.333333333333333,0.2,"Ukn","KNM"
"379","Br6 2","Ukn M",3.32,4,6,4,0.553333333333333,0.666666666666667,1,0.666666666666667,"Ukn","KM"
"380","Br6 2","Ukn Q",0.19047619047619,0,2,1,0.0317460317460317,0,0.333333333333333,0.166666666666667,"Ukn","KNM"
"381","Br6 2","Ukn S",0.24,0,2,1,0.04,0,0.333333333333333,0.166666666666667,"Ukn","KNM"
"382","Br6 2","Ukn U",0.36,0,3,1.4,0.06,0,0.5,0.233333333333333,"Ukn","KNM"
"383","Br6 2","Ukn X",0.36,0,1,1,0.06,0,0.166666666666667,0.166666666666667,"Ukn","KNM"
"384","Br6 2","Ukn Y",3.08,3,6,4,0.513333333333333,0.5,1,0.666666666666667,"Ukn","KM"
"385","Br6 2","Ukn Z",0.24,0,1,1,0.04,0,0.166666666666667,0.166666666666667,"Ukn","KNM"
"386","Br7 1","Br7 2",4.3,5,6,5,0.716666666666667,0.833333333333333,1,0.847222222222222,"KM","KM"
"387","Br7 1","Br8 1",0.233333333333333,0,2,0.833333333333333,0.0472222222222222,0,0.333333333333333,0.152777777777778,"KNM","KNM"
"388","Br7 1","Br8 2",0.2,0,1,0.833333333333333,0.0416666666666667,0,0.25,0.152777777777778,"KNM","KNM"
"389","Br7 1","Br9 1",0.366666666666667,0,2,1.16666666666667,0.0666666666666667,0,0.333333333333333,0.208333333333333,"KNM","KNM"
"390","Br7 1","Br9 2",0.16,0,1,1,0.0366666666666667,0,0.25,0.183333333333333,"KNM","KNM"
"391","Br7 1","Ukn B",0.44,0,2,1,0.0666666666666667,0,0.333333333333333,0.166666666666667,"Ukn","KNM"
"392","Br7 1","Ukn C",0.433333333333333,0,2,1.16666666666667,0.075,0,0.333333333333333,0.208333333333333,"Ukn","KNM"
"393","Br7 1","Ukn D",0.3,0,2,1,0.0444444444444444,0,0.333333333333333,0.166666666666667,"Ukn","KNM"
"394","Br7 1","Ukn E",0.366666666666667,0,2,1,0.0666666666666667,0,0.333333333333333,0.180555555555556,"Ukn","KNM"
"395","Br7 1","Ukn F",0.5,0.5,2,1.33333333333333,0.0888888888888889,0.125,0.333333333333333,0.236111111111111,"Ukn","KNM"
"396","Br7 1","Ukn H",0.266666666666667,0,2,1,0.05,0.0416666666666667,0.333333333333333,0.180555555555556,"Ukn","KNM"
"397","Br7 1","Ukn J",4.26666666666667,5,6,5,0.716666666666667,0.833333333333333,1,0.847222222222222,"Ukn","KM"
"398","Br7 1","Ukn L",0.3,0,2,1,0.0694444444444444,0,0.5,0.194444444444444,"Ukn","KNM"
"399","Br7 1","Ukn M",0.466666666666667,0,2,1.16666666666667,0.0861111111111111,0,0.333333333333333,0.208333333333333,"Ukn","KNM"
"400","Br7 1","Ukn Q",0.36,0,2,1,0.05,0,0.333333333333333,0.166666666666667,"Ukn","KNM"
"401","Br7 1","Ukn S",0.366666666666667,0,2,1,0.0666666666666667,0,0.333333333333333,0.180555555555556,"Ukn","KNM"
"402","Br7 1","Ukn U",0.233333333333333,0,2,1,0.0472222222222222,0,0.333333333333333,0.180555555555556,"Ukn","KNM"
"403","Br7 1","Ukn X",0.466666666666667,0,2,1.16666666666667,0.0833333333333333,0.0416666666666667,0.333333333333333,0.208333333333333,"Ukn","KNM"
"404","Br7 1","Ukn Y",0.466666666666667,0,2,1.16666666666667,0.0833333333333333,0,0.333333333333333,0.208333333333333,"Ukn","KNM"
"405","Br7 1","Ukn Z",0.533333333333333,0,2,1.16666666666667,0.113888888888889,0,0.5,0.222222222222222,"Ukn","KNM"
"406","Br7 2","Br8 1",0.366666666666667,0,2,1.16666666666667,0.0611111111111111,0,0.333333333333333,0.194444444444444,"KNM","KNM"
"407","Br7 2","Br8 2",0.1,0,2,1,0.0166666666666667,0,0.333333333333333,0.166666666666667,"KNM","KNM"
"408","Br7 2","Br9 1",0.4,0,2,1,0.0666666666666667,0,0.333333333333333,0.166666666666667,"KNM","KNM"
"409","Br7 2","Br9 2",0.16,0,1,0.8,0.0266666666666667,0,0.166666666666667,0.133333333333333,"KNM","KNM"
"410","Br7 2","Ukn B",0.36,0,2,1.2,0.06,0,0.333333333333333,0.2,"Ukn","KNM"
"411","Br7 2","Ukn C",0.366666666666667,0,2,1,0.0611111111111111,0,0.333333333333333,0.166666666666667,"Ukn","KNM"
"412","Br7 2","Ukn D",0.266666666666667,0,3,1.16666666666667,0.0444444444444445,0,0.5,0.194444444444444,"Ukn","KNM"
"413","Br7 2","Ukn E",0.233333333333333,0,2,0.833333333333333,0.0388888888888889,0,0.333333333333333,0.138888888888889,"Ukn","KNM"
"414","Br7 2","Ukn F",0.266666666666667,0,2,1.16666666666667,0.0444444444444444,0,0.333333333333333,0.194444444444444,"Ukn","KNM"
"415","Br7 2","Ukn H",0.3,0,2,1.16666666666667,0.05,0,0.333333333333333,0.194444444444444,"Ukn","KNM"
"416","Br7 2","Ukn J",5,5,6,5.83333333333333,0.833333333333333,0.833333333333333,1,0.972222222222222,"Ukn","KM"
"417","Br7 2","Ukn L",0.433333333333333,0,2,1.16666666666667,0.0722222222222222,0,0.333333333333333,0.194444444444444,"Ukn","KNM"
"418","Br7 2","Ukn M",0.4,0,2,1.16666666666667,0.0666666666666667,0,0.333333333333333,0.194444444444444,"Ukn","KNM"
"419","Br7 2","Ukn Q",0.24,0,2,1,0.04,0,0.333333333333333,0.166666666666667,"Ukn","KNM"
"420","Br7 2","Ukn S",0.233333333333333,0,1,0.833333333333333,0.0388888888888889,0,0.166666666666667,0.138888888888889,"Ukn","KNM"
"421","Br7 2","Ukn U",0.233333333333333,0,2,1,0.0388888888888889,0,0.333333333333333,0.166666666666667,"Ukn","KNM"
"422","Br7 2","Ukn X",0.3,0,2,1,0.05,0,0.333333333333333,0.166666666666667,"Ukn","KNM"
"423","Br7 2","Ukn Y",0.4,0,2,1.16666666666667,0.0666666666666667,0,0.333333333333333,0.194444444444444,"Ukn","KNM"
"424","Br7 2","Ukn Z",0.7,0.5,2,1.5,0.116666666666667,0.0833333333333333,0.333333333333333,0.25,"Ukn","KNM"
"425","Br8 1","Br8 2",3.56666666666667,4,6,4.5,0.611111111111111,0.666666666666667,1,0.777777777777778,"KM","KM"
"426","Br8 1","Br9 1",0.5,0,2,1.33333333333333,0.0944444444444444,0.0166666666666667,0.4,0.238888888888889,"KNM","KNM"
"427","Br8 1","Br9 2",0.48,0,2,1.2,0.08,0,0.4,0.206666666666667,"KNM","KNM"
"428","Br8 1","Ukn B",0.2,0,2,1,0.04,0.0333333333333334,0.4,0.18,"Ukn","KNM"
"429","Br8 1","Ukn C",0.333333333333333,0,2,1,0.0677777777777778,0,0.4,0.183333333333333,"Ukn","KNM"
"430","Br8 1","Ukn D",0.5,0,2,1.16666666666667,0.0866666666666667,0.0166666666666667,0.333333333333333,0.205555555555556,"Ukn","KNM"
"431","Br8 1","Ukn E",0.5,0,3,1.33333333333333,0.0855555555555556,0.0166666666666667,0.5,0.233333333333333,"Ukn","KNM"
"432","Br8 1","Ukn F",0.366666666666667,0,2,1,0.06,0,0.333333333333333,0.172222222222222,"Ukn","KNM"
"433","Br8 1","Ukn H",0.3,0,2,1,0.0544444444444444,0,0.4,0.177777777777778,"Ukn","KNM"
"434","Br8 1","Ukn J",0.4,0,3,1.16666666666667,0.0777777777777778,0,0.6,0.211111111111111,"Ukn","KNM"
"435","Br8 1","Ukn L",3.76666666666667,5,6,4.66666666666667,0.638888888888889,0.833333333333333,1,0.8,"Ukn","KM"
"436","Br8 1","Ukn M",0.366666666666667,0,3,1.16666666666667,0.0666666666666667,0.0166666666666667,0.5,0.205555555555556,"Ukn","KNM"
"437","Br8 1","Ukn Q",0.68,0,2,1.4,0.118666666666667,0,0.4,0.246666666666667,"Ukn","KNM"
"438","Br8 1","Ukn S",0.3,0,2,1,0.0577777777777778,0,0.4,0.183333333333333,"Ukn","KNM"
"439","Br8 1","Ukn U",0.166666666666667,0,2,1,0.0333333333333334,0,0.4,0.177777777777778,"Ukn","KNM"
"440","Br8 1","Ukn X",0.266666666666667,0,2,1,0.0466666666666667,0.0166666666666667,0.4,0.177777777777778,"Ukn","KNM"
"441","Br8 1","Ukn Y",0.1,0,3,1,0.0188888888888889,0,0.5,0.177777777777778,"Ukn","KNM"
"442","Br8 1","Ukn Z",0.3,0,2,1,0.0544444444444444,0,0.4,0.177777777777778,"Ukn","KNM"
"443","Br8 2","Br9 1",0.333333333333333,0,1,1,0.0588888888888889,0,0.2,0.172222222222222,"KNM","KNM"
"444","Br8 2","Br9 2",0.36,0,2,1,0.064,0,0.333333333333333,0.173333333333333,"KNM","KNM"
"445","Br8 2","Ukn B",0.2,0,2,1,0.032,0,0.333333333333333,0.166666666666667,"Ukn","KNM"
"446","Br8 2","Ukn C",0.233333333333333,0,2,0.833333333333333,0.0377777777777778,0,0.333333333333333,0.138888888888889,"Ukn","KNM"
"447","Br8 2","Ukn D",0.533333333333333,0,2,1.16666666666667,0.0922222222222222,0,0.333333333333333,0.2,"Ukn","KNM"
"448","Br8 2","Ukn E",0.0333333333333333,0,2,0.833333333333333,0.00888888888888889,0,0.333333333333333,0.144444444444444,"Ukn","KNM"
"449","Br8 2","Ukn F",0.7,0,2,1.33333333333333,0.125555555555556,0,0.4,0.233333333333333,"Ukn","KNM"
"450","Br8 2","Ukn H",0.2,0,2,1,0.0355555555555556,0,0.333333333333333,0.172222222222222,"Ukn","KNM"
"451","Br8 2","Ukn J",0.2,0,2,1,0.0344444444444444,0,0.4,0.172222222222222,"Ukn","KNM"
"452","Br8 2","Ukn L",3.36666666666667,4,6,4.16666666666667,0.567777777777778,0.666666666666667,1,0.705555555555556,"Ukn","KM"
"453","Br8 2","Ukn M",0.133333333333333,0,2,0.833333333333333,0.0266666666666667,0,0.333333333333333,0.144444444444444,"Ukn","KNM"
"454","Br8 2","Ukn Q",0.52,0,2,1.2,0.0906666666666667,0,0.333333333333333,0.206666666666667,"Ukn","KNM"
"455","Br8 2","Ukn S",0.266666666666667,0,2,1,0.0522222222222222,0,0.4,0.177777777777778,"Ukn","KNM"
"456","Br8 2","Ukn U",0.633333333333333,0.5,2,1.5,0.114444444444444,0.0833333333333333,0.4,0.261111111111111,"Ukn","KNM"
"457","Br8 2","Ukn X",0.366666666666667,0,2,1.16666666666667,0.0611111111111111,0,0.4,0.2,"Ukn","KNM"
"458","Br8 2","Ukn Y",0.133333333333333,0,2,0.833333333333333,0.0222222222222222,0,0.333333333333333,0.138888888888889,"Ukn","KNM"
"459","Br8 2","Ukn Z",0.0666666666666667,0,2,0.833333333333333,0.0122222222222222,0,0.4,0.144444444444444,"Ukn","KNM"
"460","Br9 1","Br9 2",4.36,5,6,5,0.78,0.833333333333333,1,0.9,"KM","KM"
"461","Br9 1","Ukn B",0.28,1,2,0.8,0.1,0.166666666666667,0.5,0.2,"Ukn","KNM"
"462","Br9 1","Ukn C",0.366666666666667,0,2,1,0.105555555555556,0,0.5,0.222222222222222,"Ukn","KNM"
"463","Br9 1","Ukn D",0.333333333333333,0,2,1.16666666666667,0.0777777777777778,0,0.5,0.25,"Ukn","KNM"
"464","Br9 1","Ukn E",0.0666666666666667,0,2,0.833333333333333,0.0555555555555556,0,0.5,0.194444444444444,"Ukn","KNM"
"465","Br9 1","Ukn F",0.433333333333333,0,2,1,0.172222222222222,0,1,0.277777777777778,"Ukn","KNM"
"466","Br9 1","Ukn H",0.2,0,1,0.833333333333333,0.0666666666666667,0,0.5,0.194444444444444,"Ukn","KNM"
"467","Br9 1","Ukn J",0.533333333333333,1,2,1,0.133333333333333,0.166666666666667,0.5,0.222222222222222,"Ukn","KNM"
"468","Br9 1","Ukn L",0.533333333333333,0,3,1.16666666666667,0.0666666666666667,0,0.5,0.194444444444444,"Ukn","KNM"
"469","Br9 1","Ukn M",0.1,0,2,0.833333333333333,0.0277777777777778,0,0.5,0.166666666666667,"Ukn","KNM"
"470","Br9 1","Ukn Q",0.24,0,2,1,0.0266666666666667,0,0.5,0.166666666666667,"Ukn","KNM"
"471","Br9 1","Ukn S",0.266666666666667,0,2,1,0.0888888888888889,0,0.5,0.222222222222222,"Ukn","KNM"
"472","Br9 1","Ukn U",3.5,4,6,4.16666666666667,0.683333333333333,0.75,1,0.805555555555556,"Ukn","KM"
"473","Br9 1","Ukn X",0.2,0,1,0.833333333333333,0.0888888888888889,0,0.5,0.194444444444444,"Ukn","KNM"
"474","Br9 1","Ukn Y",0.5,0,2,1.16666666666667,0.105555555555556,0,0.5,0.25,"Ukn","KNM"
"475","Br9 1","Ukn Z",0.233333333333333,0,2,0.833333333333333,0.0833333333333333,0,0.5,0.194444444444444,"Ukn","KNM"
"476","Br9 2","Ukn B",0.380952380952381,0,2,1,0.0634920634920635,0,0.333333333333333,0.166666666666667,"Ukn","KNM"
"477","Br9 2","Ukn C",0.28,0,2,1,0.0466666666666667,0,0.333333333333333,0.166666666666667,"Ukn","KNM"
"478","Br9 2","Ukn D",0.48,0,2,1.4,0.08,0,0.333333333333333,0.233333333333333,"Ukn","KNM"
"479","Br9 2","Ukn E",0.52,0,2,1.4,0.0866666666666666,0,0.333333333333333,0.233333333333333,"Ukn","KNM"
"480","Br9 2","Ukn F",0.44,0,2,1.2,0.0733333333333333,0,0.333333333333333,0.2,"Ukn","KNM"
"481","Br9 2","Ukn H",0.36,0,2,1,0.06,0,0.333333333333333,0.166666666666667,"Ukn","KNM"
"482","Br9 2","Ukn J",0.48,0,2,1,0.08,0,0.333333333333333,0.166666666666667,"Ukn","KNM"
"483","Br9 2","Ukn L",0.44,0,3,1.2,0.0733333333333333,0,0.5,0.2,"Ukn","KNM"
"484","Br9 2","Ukn M",0.4,0,2,1.2,0.0666666666666667,0,0.333333333333333,0.2,"Ukn","KNM"
"485","Br9 2","Ukn Q",0.5,0,2,1.4,0.0833333333333333,0,0.333333333333333,0.233333333333333,"Ukn","KNM"
"486","Br9 2","Ukn S",0.32,0,2,1,0.0533333333333333,0,0.333333333333333,0.166666666666667,"Ukn","KNM"
"487","Br9 2","Ukn U",4,5,6,4.8,0.666666666666667,0.833333333333333,1,0.8,"Ukn","KM"
"488","Br9 2","Ukn X",0.48,0,2,1.2,0.08,0,0.333333333333333,0.2,"Ukn","KNM"
"489","Br9 2","Ukn Y",0.24,0,3,1.2,0.04,0,0.5,0.2,"Ukn","KNM"
"490","Br9 2","Ukn Z",0.36,0,2,1,0.06,0,0.333333333333333,0.166666666666667,"Ukn","KNM"
"491","Ukn B","Ukn C",0.4,0,2,1,0.0773333333333333,0.0333333333333334,0.4,0.186666666666667,"Ukn","KNM"
"492","Ukn B","Ukn D",0.4,0,3,1,0.0653333333333333,0.2,0.5,0.173333333333333,"Ukn","KNM"
"493","Ukn B","Ukn E",0.12,0,2,0.8,0.0266666666666667,0.0333333333333334,0.4,0.153333333333333,"Ukn","KNM"
"494","Ukn B","Ukn F",0.16,0,2,1,0.0333333333333334,0,0.333333333333333,0.186666666666667,"Ukn","KNM"
"495","Ukn B","Ukn H",0.48,0,2,1.2,0.084,0.0333333333333334,0.4,0.22,"Ukn","KNM"
"496","Ukn B","Ukn J",0.4,0,2,1.2,0.0733333333333333,0.0333333333333334,0.333333333333333,0.22,"Ukn","KNM"
"497","Ukn B","Ukn L",0.32,0,2,1,0.0586666666666667,0.0333333333333334,0.4,0.186666666666667,"Ukn","KNM"
"498","Ukn B","Ukn M",0.56,0,2,1.4,0.101333333333333,0.0333333333333334,0.4,0.26,"Ukn","KNM"
"499","Ukn B","Ukn Q",0.19047619047619,0,2,1,0.0341269841269841,0.0333333333333334,0.333333333333333,0.183333333333333,"Ukn","KNM"
"500","Ukn B","Ukn S",0.6,0,2,1.4,0.113333333333333,0.0333333333333334,0.4,0.26,"Ukn","KNM"
"501","Ukn B","Ukn U",0.4,0,3,1.4,0.0706666666666667,0,0.5,0.253333333333333,"Ukn","KNM"
"502","Ukn B","Ukn X",0.4,1,2,1,0.076,0.2,0.4,0.186666666666667,"Ukn","KNM"
"503","Ukn B","Ukn Y",0.32,0,2,1.2,0.0653333333333334,0.0333333333333334,0.4,0.226666666666667,"Ukn","KNM"
"504","Ukn B","Ukn Z",0.6,0,3,1.2,0.102666666666667,0.0333333333333334,0.5,0.213333333333333,"Ukn","KNM"
"505","Ukn C","Ukn D",0.133333333333333,0,1,0.833333333333333,0.0266666666666667,0,0.2,0.15,"Ukn","KNM"
"506","Ukn C","Ukn E",0.333333333333333,0,1,1,0.0611111111111111,0,0.2,0.177777777777778,"Ukn","KNM"
"507","Ukn C","Ukn F",3.56666666666667,4.5,6,4.5,0.607777777777778,0.75,1,0.772222222222222,"Ukn","KM"
"508","Ukn C","Ukn H",0.366666666666667,0,2,1.16666666666667,0.0655555555555556,0.0166666666666667,0.333333333333333,0.205555555555556,"Ukn","KNM"
"509","Ukn C","Ukn J",0.3,0,2,1,0.0588888888888889,0,0.4,0.183333333333333,"Ukn","KNM"
"510","Ukn C","Ukn L",0.1,0,2,1,0.0188888888888889,0.0166666666666667,0.333333333333333,0.177777777777778,"Ukn","KNM"
"511","Ukn C","Ukn M",0.4,0,2,1,0.0777777777777778,0.0166666666666667,0.4,0.183333333333333,"Ukn","KNM"
"512","Ukn C","Ukn Q",0.28,0,1,1,0.0533333333333333,0,0.2,0.18,"Ukn","KNM"
"513","Ukn C","Ukn S",0.366666666666667,0,1,1,0.0655555555555556,0,0.2,0.177777777777778,"Ukn","KNM"
"514","Ukn C","Ukn U",0.433333333333333,0,1,1,0.0788888888888889,0,0.2,0.177777777777778,"Ukn","KNM"
"515","Ukn C","Ukn X",0.0666666666666667,0,2,0.833333333333333,0.0211111111111111,0,0.4,0.155555555555556,"Ukn","KNM"
"516","Ukn C","Ukn Y",0.3,0,2,1,0.0544444444444444,0.0166666666666667,0.333333333333333,0.177777777777778,"Ukn","KNM"
"517","Ukn C","Ukn Z",0.266666666666667,0,2,0.833333333333333,0.0455555555555555,0,0.333333333333333,0.144444444444444,"Ukn","KNM"
"518","Ukn D","Ukn E",0.366666666666667,0,2,1,0.0611111111111111,0,0.333333333333333,0.166666666666667,"Ukn","KNM"
"519","Ukn D","Ukn F",0.166666666666667,0,1,0.833333333333333,0.0277777777777778,0,0.166666666666667,0.138888888888889,"Ukn","KNM"
"520","Ukn D","Ukn H",0.166666666666667,0,2,0.833333333333333,0.0277777777777778,0,0.333333333333333,0.138888888888889,"Ukn","KNM"
"521","Ukn D","Ukn J",0.366666666666667,0,3,1.16666666666667,0.0611111111111111,0,0.5,0.194444444444444,"Ukn","KNM"
"522","Ukn D","Ukn L",0.3,0,2,1.16666666666667,0.05,0,0.333333333333333,0.194444444444444,"Ukn","KNM"
"523","Ukn D","Ukn M",0.533333333333333,0,2,1.16666666666667,0.0888888888888889,0,0.333333333333333,0.194444444444444,"Ukn","KNM"
"524","Ukn D","Ukn Q",0.32,0,2,1,0.0533333333333333,0,0.333333333333333,0.166666666666667,"Ukn","KNM"
"525","Ukn D","Ukn S",0.3,0,2,1,0.05,0,0.333333333333333,0.166666666666667,"Ukn","KNM"
"526","Ukn D","Ukn U",0.0666666666666667,0,2,0.833333333333333,0.0111111111111111,0,0.333333333333333,0.138888888888889,"Ukn","KNM"
"527","Ukn D","Ukn X",0.4,0,1,1,0.0666666666666667,0,0.166666666666667,0.166666666666667,"Ukn","KNM"
"528","Ukn D","Ukn Y",0.1,0,1,0.833333333333333,0.0166666666666667,0,0.166666666666667,0.138888888888889,"Ukn","KNM"
"529","Ukn D","Ukn Z",3.3,3,6,4.16666666666667,0.55,0.5,1,0.694444444444444,"Ukn","KM"
"530","Ukn E","Ukn F",0.633333333333333,0,3,1.33333333333333,0.105555555555556,0,0.5,0.222222222222222,"Ukn","KNM"
"531","Ukn E","Ukn H",0.366666666666667,0,2,1.16666666666667,0.0611111111111111,0,0.333333333333333,0.194444444444444,"Ukn","KNM"
"532","Ukn E","Ukn J",0.133333333333333,0,2,1,0.0222222222222222,0,0.333333333333333,0.166666666666667,"Ukn","KNM"
"533","Ukn E","Ukn L",0.466666666666667,0,2,1.33333333333333,0.0777777777777778,0,0.333333333333333,0.222222222222222,"Ukn","KNM"
"534","Ukn E","Ukn M",2.66666666666667,2.5,6,3.5,0.444444444444444,0.416666666666667,1,0.583333333333333,"Ukn","KM"
"535","Ukn E","Ukn Q",0.44,0,1,1,0.0733333333333333,0,0.166666666666667,0.166666666666667,"Ukn","KNM"
"536","Ukn E","Ukn S",0.3,0,1,1,0.05,0,0.166666666666667,0.166666666666667,"Ukn","KNM"
"537","Ukn E","Ukn U",0.266666666666667,0,2,1.16666666666667,0.0444444444444444,0,0.333333333333333,0.194444444444444,"Ukn","KNM"
"538","Ukn E","Ukn X",0.4,0,1,1,0.0666666666666667,0,0.166666666666667,0.166666666666667,"Ukn","KNM"
"539","Ukn E","Ukn Y",3.6,5,6,4.5,0.6,0.833333333333333,1,0.75,"Ukn","KM"
"540","Ukn E","Ukn Z",0.3,0,2,1,0.05,0,0.333333333333333,0.166666666666667,"Ukn","KNM"
"541","Ukn F","Ukn H",0.266666666666667,0,2,1,0.0477777777777778,0.0333333333333334,0.333333333333333,0.183333333333333,"Ukn","KNM"
"542","Ukn F","Ukn J",0.233333333333333,0,2,0.833333333333333,0.0411111111111111,0,0.333333333333333,0.15,"Ukn","KNM"
"543","Ukn F","Ukn L",0.166666666666667,0,2,1.16666666666667,0.0322222222222222,0.0333333333333334,0.4,0.211111111111111,"Ukn","KNM"
"544","Ukn F","Ukn M",0.466666666666667,0,2,1.16666666666667,0.09,0.0166666666666667,0.4,0.216666666666667,"Ukn","KNM"
"545","Ukn F","Ukn Q",0.24,0,2,1,0.0466666666666667,0.0333333333333334,0.333333333333333,0.186666666666667,"Ukn","KNM"
"546","Ukn F","Ukn S",0.1,0,2,0.666666666666667,0.0188888888888889,0,0.4,0.122222222222222,"Ukn","KNM"
"547","Ukn F","Ukn U",0.266666666666667,0,1,0.833333333333333,0.0511111111111111,0.0166666666666667,0.2,0.155555555555556,"Ukn","KNM"
"548","Ukn F","Ukn X",0.566666666666667,1,2,1,0.0988888888888889,0.183333333333333,0.333333333333333,0.177777777777778,"Ukn","KNM"
"549","Ukn F","Ukn Y",0.7,0.5,2,1.33333333333333,0.121111111111111,0.1,0.4,0.238888888888889,"Ukn","KNM"
"550","Ukn F","Ukn Z",0.166666666666667,0,2,0.833333333333333,0.0355555555555556,0.0166666666666667,0.333333333333333,0.155555555555556,"Ukn","KNM"
"551","Ukn H","Ukn J",0.2,0,1,1,0.0333333333333333,0,0.166666666666667,0.166666666666667,"Ukn","KNM"
"552","Ukn H","Ukn L",0.3,0,2,1.16666666666667,0.05,0,0.333333333333333,0.194444444444444,"Ukn","KNM"
"553","Ukn H","Ukn M",0.366666666666667,0,2,1.16666666666667,0.0611111111111111,0,0.333333333333333,0.194444444444444,"Ukn","KNM"
"554","Ukn H","Ukn Q",0.28,0,2,1,0.0466666666666667,0,0.333333333333333,0.166666666666667,"Ukn","KNM"
"555","Ukn H","Ukn S",0.333333333333333,0,2,1,0.0555555555555556,0,0.333333333333333,0.166666666666667,"Ukn","KNM"
"556","Ukn H","Ukn U",0.266666666666667,0,2,1,0.0444444444444444,0,0.333333333333333,0.166666666666667,"Ukn","KNM"
"557","Ukn H","Ukn X",0.3,0,1,1,0.05,0,0.166666666666667,0.166666666666667,"Ukn","KNM"
"558","Ukn H","Ukn Y",0.233333333333333,0,2,1,0.0388888888888889,0,0.333333333333333,0.166666666666667,"Ukn","KNM"
"559","Ukn H","Ukn Z",0.333333333333333,0,1,0.833333333333333,0.0555555555555556,0,0.166666666666667,0.138888888888889,"Ukn","KNM"
"560","Ukn J","Ukn L",0.333333333333333,0,2,1.16666666666667,0.0555555555555555,0,0.333333333333333,0.194444444444444,"Ukn","KNM"
"561","Ukn J","Ukn M",0.4,0,2,1.16666666666667,0.0666666666666667,0,0.333333333333333,0.194444444444444,"Ukn","KNM"
"562","Ukn J","Ukn Q",0.36,0,2,1.2,0.06,0,0.333333333333333,0.2,"Ukn","KNM"
"563","Ukn J","Ukn S",0.2,0,2,1,0.0333333333333333,0,0.333333333333333,0.166666666666667,"Ukn","KNM"
"564","Ukn J","Ukn U",0.5,0,2,1.16666666666667,0.0833333333333333,0,0.333333333333333,0.194444444444444,"Ukn","KNM"
"565","Ukn J","Ukn X",0.2,0,2,1,0.0333333333333333,0,0.333333333333333,0.166666666666667,"Ukn","KNM"
"566","Ukn J","Ukn Y",0.633333333333333,0,2,1.33333333333333,0.105555555555556,0,0.333333333333333,0.222222222222222,"Ukn","KNM"
"567","Ukn J","Ukn Z",0.433333333333333,0,3,1.33333333333333,0.0722222222222222,0,0.5,0.222222222222222,"Ukn","KNM"
"568","Ukn L","Ukn M",0.2,0,2,1,0.0311111111111111,0,0.333333333333333,0.166666666666667,"Ukn","KNM"
"569","Ukn L","Ukn Q",0.2,0,3,1,0.0386666666666667,0,0.5,0.173333333333333,"Ukn","KNM"
"570","Ukn L","Ukn S",0.233333333333333,0,2,1.16666666666667,0.0466666666666667,0.0166666666666667,0.4,0.205555555555556,"Ukn","KNM"
"571","Ukn L","Ukn U",0.4,0,2,1.16666666666667,0.0711111111111111,0.0166666666666667,0.333333333333333,0.2,"Ukn","KNM"
"572","Ukn L","Ukn X",0.333333333333333,0,2,1.16666666666667,0.0511111111111111,0,0.333333333333333,0.194444444444444,"Ukn","KNM"
"573","Ukn L","Ukn Y",0.633333333333333,0,3,1.33333333333333,0.108888888888889,0,0.5,0.227777777777778,"Ukn","KNM"
"574","Ukn L","Ukn Z",0.133333333333333,0,2,1,0.0244444444444444,0,0.333333333333333,0.172222222222222,"Ukn","KNM"
"575","Ukn M","Ukn Q",0.12,0,2,1,0.024,0,0.4,0.18,"Ukn","KNM"
"576","Ukn M","Ukn S",0.266666666666667,0,2,1,0.0477777777777778,0.0166666666666667,0.333333333333333,0.177777777777778,"Ukn","KNM"
"577","Ukn M","Ukn U",0.166666666666667,0,2,1.16666666666667,0.03,0.0166666666666667,0.333333333333333,0.205555555555556,"Ukn","KNM"
"578","Ukn M","Ukn X",0.2,0,2,0.833333333333333,0.0444444444444445,0,0.4,0.155555555555556,"Ukn","KNM"
"579","Ukn M","Ukn Y",2,1.5,6,2.83333333333333,0.377777777777778,0.316666666666667,1,0.522222222222222,"Ukn","KM"
"580","Ukn M","Ukn Z",0.333333333333333,0,2,1.16666666666667,0.0577777777777778,0.0166666666666667,0.333333333333333,0.205555555555556,"Ukn","KNM"
"581","Ukn Q","Ukn S",0.6,0,2,1.4,0.109333333333333,0,0.4,0.246666666666667,"Ukn","KNM"
"582","Ukn Q","Ukn U",0.12,0,2,0.8,0.028,0,0.4,0.146666666666667,"Ukn","KNM"
"583","Ukn Q","Ukn X",0.52,0,2,1.2,0.0973333333333333,0,0.4,0.213333333333333,"Ukn","KNM"
"584","Ukn Q","Ukn Y",0.36,0,2,1.2,0.068,0,0.4,0.213333333333333,"Ukn","KNM"
"585","Ukn Q","Ukn Z",0.44,0,2,1.2,0.0746666666666667,0,0.333333333333333,0.206666666666667,"Ukn","KNM"
"586","Ukn S","Ukn U",0.2,0,2,1,0.0333333333333333,0,0.333333333333333,0.166666666666667,"Ukn","KNM"
"587","Ukn S","Ukn X",2.4,2,6,3.33333333333333,0.4,0.333333333333333,1,0.555555555555556,"Ukn","KM"
"588","Ukn S","Ukn Y",0.2,0.5,2,1.16666666666667,0.0333333333333333,0.0833333333333333,0.333333333333333,0.194444444444444,"Ukn","KNM"
"589","Ukn S","Ukn Z",0.566666666666667,0.5,2,1.5,0.0944444444444444,0.0833333333333333,0.333333333333333,0.25,"Ukn","KNM"
"590","Ukn U","Ukn X",0.4,0,2,1.16666666666667,0.0688888888888889,0.0166666666666667,0.4,0.205555555555556,"Ukn","KNM"
"591","Ukn U","Ukn Y",0.2,0,2,1,0.0366666666666667,0.0333333333333334,0.4,0.177777777777778,"Ukn","KNM"
"592","Ukn U","Ukn Z",0.266666666666667,0,2,1,0.0455555555555556,0,0.4,0.177777777777778,"Ukn","KNM"
"593","Ukn X","Ukn Y",0.333333333333333,0,2,1.16666666666667,0.0544444444444444,0.0166666666666667,0.4,0.2,"Ukn","KNM"
"594","Ukn X","Ukn Z",0.166666666666667,0,2,1,0.0277777777777778,0,0.333333333333333,0.172222222222222,"Ukn","KNM"
"595","Ukn Y","Ukn Z",0.4,0,2,1,0.0744444444444445,0,0.4,0.183333333333333,"Ukn","KNM"
