"","bullet1","bullet2","cmps.diff","cmps.diff.med","cmps.max","cmps.maxbar","cmps.diff_scaled","cmps.diff.med_scaled","cmps.max_scaled","cmps.maxbar_scaled","type_truth","type"
"1","Barrel 1 Bullet 1","Barrel 1 Bullet 2",14.1666666666667,15.5,22,18.3333333333333,0.59499209486166,0.613333333333333,0.954545454545455,0.769936319718928,"KM","KM"
"2","Barrel 1 Bullet 1","Barrel 10 Bullet 1",0.8,0.5,6,4.5,0.0316170399648661,0.0202898550724638,0.24,0.187546113306983,"KNM","KNM"
"3","Barrel 1 Bullet 1","Barrel 10 Bullet 2",0.92,1,7,4.8,0.0412387351778656,0.0483333333333333,0.28,0.203870882740448,"KNM","KNM"
"4","Barrel 1 Bullet 1","Barrel 2 Bullet 1",0.866666666666667,0.5,8,4.66666666666667,0.0353036890645586,0.0233333333333333,0.333333333333333,0.194466403162055,"KNM","KNM"
"5","Barrel 1 Bullet 1","Barrel 2 Bullet 2",0.56,1,6,4.6,0.0241762845849803,0.0416666666666667,0.260869565217391,0.194117259552042,"KNM","KNM"
"6","Barrel 1 Bullet 1","Barrel 3 Bullet 1",0.35,1,7,4.75,0.0202509881422925,0.0511363636363636,0.291666666666667,0.204118906455863,"KNM","KNM"
"7","Barrel 1 Bullet 1","Barrel 3 Bullet 2",0.7,0,7,4.5,0.0280520421607378,0.0142424242424243,0.28,0.187875494071146,"KNM","KNM"
"8","Barrel 1 Bullet 1","Barrel 4 Bullet 1",0.266666666666667,0,7,4.16666666666667,0.0125693895476504,0.0102898550724637,0.291666666666667,0.176055116381203,"KNM","KNM"
"9","Barrel 1 Bullet 1","Barrel 4 Bullet 2",0.8,0.5,7,4.83333333333333,0.0342986385595081,0.02,0.318181818181818,0.203658322353975,"KNM","KNM"
"10","Barrel 1 Bullet 1","Barrel 5 Bullet 1",0.966666666666667,1,7,5,0.0410698287220026,0.0528623188405797,0.28,0.210499560825648,"KNM","KNM"
"11","Barrel 1 Bullet 1","Barrel 5 Bullet 2",0.633333333333333,0.5,9,4.5,0.0266352657004831,0.0269565217391304,0.391304347826087,0.189257795344752,"KNM","KNM"
"12","Barrel 1 Bullet 1","Barrel 6 Bullet 1",0.333333333333333,0.5,6,4.16666666666667,0.0133908651734739,0.0233333333333333,0.25,0.174240228370663,"KNM","KNM"
"13","Barrel 1 Bullet 1","Barrel 6 Bullet 2",1.1,1,8,5,0.0476642512077295,0.0536363636363636,0.333333333333333,0.211079270970575,"KNM","KNM"
"14","Barrel 1 Bullet 1","Barrel 7 Bullet 1",0.833333333333333,0.5,7,4.83333333333333,0.0368324549846289,0.0202898550724638,0.318181818181818,0.20481774264383,"KNM","KNM"
"15","Barrel 1 Bullet 1","Barrel 7 Bullet 2",0.866666666666667,0.5,6,4.66666666666667,0.0365252525252525,0.0311231884057971,0.25,0.196030961791831,"KNM","KNM"
"16","Barrel 1 Bullet 1","Barrel 8 Bullet 1",0.72,0,8,4.6,0.0322466403162055,0.0218181818181818,0.333333333333333,0.195328063241107,"KNM","KNM"
"17","Barrel 1 Bullet 1","Barrel 8 Bullet 2",0.3,0.5,8,4.5,0.0118484848484849,0.0206192358366272,0.333333333333333,0.188455204216074,"KNM","KNM"
"18","Barrel 1 Bullet 1","Barrel 9 Bullet 1",0.766666666666667,1,7,4.83333333333333,0.0342176108915239,0.0452898550724638,0.318181818181818,0.205349143610013,"KNM","KNM"
"19","Barrel 1 Bullet 1","Barrel 9 Bullet 2",1.53333333333333,1,9,5.5,0.0638820816864295,0.0420289855072464,0.375,0.230070267896355,"KNM","KNM"
"20","Barrel 1 Bullet 1","Unknowns Bullet 'E'",0.48,1,7,4.6,0.0231739130434783,0.0507246376811594,0.291666666666667,0.195932806324111,"KNM","UKN"
"21","Barrel 1 Bullet 1","Unknowns Bullet 'F'",0.699999999999999,1,8,4.83333333333333,0.0296826965305226,0.0333333333333334,0.333333333333333,0.203229029424682,"KNM","UKN"
"22","Barrel 1 Bullet 1","Unknowns Bullet 'G'",0.833333333333333,0.5,7,4.5,0.036852876592007,0.0311231884057971,0.291666666666667,0.190551163812033,"KNM","UKN"
"23","Barrel 1 Bullet 1","Unknowns Bullet 'H'",0.933333333333334,1.5,9,5.66666666666667,0.0350781730346948,0.0549242424242424,0.36,0.234188625384278,"KNM","UKN"
"24","Barrel 1 Bullet 1","Unknowns Bullet 'I'",1.08,1,9,5.2,0.0497667984189723,0.0507246376811594,0.409090909090909,0.223296442687747,"KNM","UKN"
"25","Barrel 1 Bullet 1","Unknowns Bullet 'J'",1.23333333333333,1,11,5,0.048687527448397,0.0429413702239789,0.44,0.207244180939833,"KNM","UKN"
"26","Barrel 1 Bullet 1","Unknowns Bullet 'K'",12.5666666666667,12.5,19,16.6666666666667,0.526545674132631,0.551136363636364,0.791666666666667,0.698748353096179,"KM","UKN"
"27","Barrel 1 Bullet 1","Unknowns Bullet 'L'",0.433333333333334,1,8,4.66666666666667,0.0192771190162495,0.0333333333333334,0.32,0.196332894158981,"KNM","UKN"
"28","Barrel 1 Bullet 1","Unknowns Bullet 'O'",0.333333333333333,0,7,4.16666666666667,0.015302371541502,0.00695652173913042,0.291666666666667,0.176030961791831,"KNM","UKN"
"29","Barrel 1 Bullet 1","Unknowns Bullet 'P'",0.466666666666666,0.5,7,4.33333333333333,0.0205252525252525,0.0233333333333333,0.291666666666667,0.18211791831357,"KNM","UKN"
"30","Barrel 1 Bullet 1","Unknowns Bullet 'S'",0.533333333333333,0.5,8,4.66666666666667,0.0222088274044796,0.0242424242424243,0.347826086956522,0.195976064997804,"KNM","UKN"
"31","Barrel 1 Bullet 1","Unknowns Bullet 'T'",0.766666666666667,0,6,4.5,0.031106938954765,0.0142424242424243,0.25,0.188153271848924,"KNM","UKN"
"32","Barrel 1 Bullet 1","Unknowns Bullet 'U'",1.33333333333333,1,8,5.5,0.0553324549846289,0.0589986824769433,0.32,0.230499560825648,"KNM","UKN"
"33","Barrel 1 Bullet 1","Unknowns Bullet 'X'",0.600000000000001,0.5,7,4.66666666666667,0.0248862538427756,0.02,0.291666666666667,0.195649978041282,"KNM","UKN"
"34","Barrel 1 Bullet 1","Unknowns Bullet 'Y'",0.333333333333334,0.5,7,4.66666666666667,0.01277821695213,0.0102536231884058,0.28,0.194490557751427,"KNM","UKN"
"35","Barrel 1 Bullet 2","Barrel 10 Bullet 1",0.766666666666667,0,7,4.5,0.0317211242863417,0.0102898550724637,0.28,0.187066315327185,"KNM","KNM"
"36","Barrel 1 Bullet 2","Barrel 10 Bullet 2",0.36,0,8,4.4,0.012393675889328,0.0139130434782609,0.32,0.18169696969697,"KNM","KNM"
"37","Barrel 1 Bullet 2","Barrel 2 Bullet 1",0.866666666666666,1,7,5,0.0369211682037769,0.046969696969697,0.28,0.208857048748353,"KNM","KNM"
"38","Barrel 1 Bullet 2","Barrel 2 Bullet 2",0.72,1,8,4.8,0.0287093544137023,0.04,0.32,0.1986930171278,"KNM","KNM"
"39","Barrel 1 Bullet 2","Barrel 3 Bullet 1",1.2,1.5,8,5.5,0.0562463768115942,0.0790909090909091,0.32,0.23427371541502,"KNM","KNM"
"40","Barrel 1 Bullet 2","Barrel 3 Bullet 2",0.2,0,7,4.16666666666667,0.00746420729029426,0.0102898550724637,0.28,0.173455204216074,"KNM","KNM"
"41","Barrel 1 Bullet 2","Barrel 4 Bullet 1",0.466666666666667,1,6,4.66666666666667,0.0184409310496267,0.0333333333333334,0.260869565217391,0.193431049626702,"KNM","KNM"
"42","Barrel 1 Bullet 2","Barrel 4 Bullet 2",1.2,1.5,8,5.33333333333333,0.0498899868247694,0.0641666666666667,0.347826086956522,0.222087176108915,"KNM","KNM"
"43","Barrel 1 Bullet 2","Barrel 5 Bullet 1",1.36666666666667,1.5,9,5.66666666666667,0.0562305665349144,0.0584057971014493,0.36,0.235146025472112,"KNM","KNM"
"44","Barrel 1 Bullet 2","Barrel 5 Bullet 2",0.766666666666667,0.5,7,5,0.0331765480895916,0.0275757575757576,0.318181818181818,0.20951581027668,"KNM","KNM"
"45","Barrel 1 Bullet 2","Barrel 6 Bullet 1",0.533333333333333,0.5,7,4.66666666666667,0.0228438735177866,0.026969696969697,0.291666666666667,0.194895696091348,"KNM","KNM"
"46","Barrel 1 Bullet 2","Barrel 6 Bullet 2",0.366666666666667,1,7,4.66666666666667,0.0171385595081247,0.0297101449275363,0.304347826086957,0.196381203337725,"KNM","KNM"
"47","Barrel 1 Bullet 2","Barrel 7 Bullet 1",2.03333333333333,0.5,11,5.66666666666667,0.0824541062801933,0.0269565217391304,0.44,0.233657224418094,"KNM","KNM"
"48","Barrel 1 Bullet 2","Barrel 7 Bullet 2",1.63333333333333,1.5,8,5.5,0.066522178304787,0.063768115942029,0.32,0.227316644707949,"KNM","KNM"
"49","Barrel 1 Bullet 2","Barrel 8 Bullet 1",0.48,0,6,4.4,0.0195296442687747,0.0218181818181818,0.260869565217391,0.183446640316206,"KNM","KNM"
"50","Barrel 1 Bullet 2","Barrel 8 Bullet 2",0.5,0.5,7,4.66666666666667,0.021437417654809,0.0242424242424243,0.304347826086957,0.194614624505929,"KNM","KNM"
"51","Barrel 1 Bullet 2","Barrel 9 Bullet 1",0.133333333333334,0,6,4.16666666666667,0.00663416776460254,0.0111989459815547,0.260869565217391,0.174614624505929,"KNM","KNM"
"52","Barrel 1 Bullet 2","Barrel 9 Bullet 2",0.733333333333334,1,7,4.66666666666667,0.0308996486605182,0.0441666666666667,0.28,0.194340140535793,"KNM","KNM"
"53","Barrel 1 Bullet 2","Unknowns Bullet 'E'",0.96,1,7,5.2,0.0408753623188406,0.0416666666666667,0.28,0.217113306982872,"KNM","UKN"
"54","Barrel 1 Bullet 2","Unknowns Bullet 'F'",1.13333333333333,1,8,5.16666666666667,0.0461277997364954,0.0578030303030303,0.347826086956522,0.214340140535793,"KNM","UKN"
"55","Barrel 1 Bullet 2","Unknowns Bullet 'G'",0.866666666666666,1,7,4.83333333333333,0.036836627140975,0.0441666666666667,0.28,0.202166227492314,"KNM","UKN"
"56","Barrel 1 Bullet 2","Unknowns Bullet 'H'",0.733333333333333,0.5,6,4.83333333333333,0.030711682037769,0.0275757575757576,0.272727272727273,0.2022178304787,"KNM","UKN"
"57","Barrel 1 Bullet 2","Unknowns Bullet 'I'",1,0,7,5,0.0396901185770751,0.0218181818181818,0.291666666666667,0.206450592885376,"KNM","UKN"
"58","Barrel 1 Bullet 2","Unknowns Bullet 'J'",0.6,0.5,6,4.5,0.0247918313570488,0.0309090909090909,0.260869565217391,0.187368247694335,"KNM","UKN"
"59","Barrel 1 Bullet 2","Unknowns Bullet 'K'",13.3333333333333,13,21,17.1666666666667,0.553939833113746,0.549565217391304,0.84,0.713339920948617,"KM","UKN"
"60","Barrel 1 Bullet 2","Unknowns Bullet 'L'",0.8,1.5,7,4.5,0.0336719367588933,0.046600790513834,0.28,0.188582564778217,"KNM","UKN"
"61","Barrel 1 Bullet 2","Unknowns Bullet 'O'",1.4,0.5,10,5.33333333333333,0.0551409749670619,0.0269565217391304,0.4,0.219490557751427,"KNM","UKN"
"62","Barrel 1 Bullet 2","Unknowns Bullet 'P'",0.866666666666666,1,6,4.83333333333333,0.0352283706631533,0.04,0.260869565217391,0.200375494071146,"KNM","UKN"
"63","Barrel 1 Bullet 2","Unknowns Bullet 'S'",0.166666666666666,0.5,7,4.33333333333333,0.00780632411067195,0.0236231884057971,0.28,0.181610671936759,"KNM","UKN"
"64","Barrel 1 Bullet 2","Unknowns Bullet 'T'",0.333333333333333,1,8,4.5,0.0151714975845411,0.0366666666666667,0.333333333333333,0.188884497145367,"KNM","UKN"
"65","Barrel 1 Bullet 2","Unknowns Bullet 'U'",0.933333333333334,1,8,5.16666666666667,0.0398673693456302,0.0623320158102767,0.333333333333333,0.216332894158981,"KNM","UKN"
"66","Barrel 1 Bullet 2","Unknowns Bullet 'X'",1.26666666666667,1,8,5.33333333333333,0.0522274923144488,0.054469696969697,0.32,0.221586517347387,"KNM","UKN"
"67","Barrel 1 Bullet 2","Unknowns Bullet 'Y'",1.4,1.5,8,5.33333333333333,0.0562806324110672,0.063768115942029,0.32,0.220372200263505,"KNM","UKN"
"68","Barrel 10 Bullet 1","Barrel 10 Bullet 2",10.92,12,20,15.4,0.463152380952381,0.473333333333333,0.833333333333333,0.648476190476191,"KM","KM"
"69","Barrel 10 Bullet 1","Barrel 2 Bullet 1",0.7,0.5,7,4.66666666666667,0.0287539682539683,0.0285714285714286,0.28,0.194246031746032,"KNM","KNM"
"70","Barrel 10 Bullet 1","Barrel 2 Bullet 2",1.56,1,7,5.2,0.0648857142857143,0.0780952380952381,0.28,0.216952380952381,"KNM","KNM"
"71","Barrel 10 Bullet 1","Barrel 3 Bullet 1",0.65,1.5,6,4.25,0.0333690476190476,0.0744047619047619,0.24,0.181785714285714,"KNM","KNM"
"72","Barrel 10 Bullet 1","Barrel 3 Bullet 2",0.333333333333333,0,6,4.16666666666667,0.0145952380952381,0.00333333333333333,0.25,0.173253968253968,"KNM","KNM"
"73","Barrel 10 Bullet 1","Barrel 4 Bullet 1",0.366666666666666,1,6,4.5,0.0141507936507936,0.0375,0.285714285714286,0.186587301587302,"KNM","KNM"
"74","Barrel 10 Bullet 1","Barrel 4 Bullet 2",0.2,0.5,7,4.5,0.0121746031746032,0.0133333333333333,0.333333333333333,0.191111111111111,"KNM","KNM"
"75","Barrel 10 Bullet 1","Barrel 5 Bullet 1",0.3,0.5,8,4.5,0.0136269841269841,0.0352380952380952,0.32,0.187857142857143,"KNM","KNM"
"76","Barrel 10 Bullet 1","Barrel 5 Bullet 2",0.7,0,6,4.5,0.0301349206349207,0.0185714285714285,0.25,0.187857142857143,"KNM","KNM"
"77","Barrel 10 Bullet 1","Barrel 6 Bullet 1",1.26666666666667,1.5,10,5.66666666666667,0.0543809523809524,0.0614285714285715,0.4,0.23734126984127,"KNM","KNM"
"78","Barrel 10 Bullet 1","Barrel 6 Bullet 2",0.466666666666667,1,9,4.5,0.0207539682539683,0.04,0.36,0.188571428571429,"KNM","KNM"
"79","Barrel 10 Bullet 1","Barrel 7 Bullet 1",0.4,0.5,7,4.33333333333333,0.0150634920634921,0.02,0.333333333333333,0.179642857142857,"KNM","KNM"
"80","Barrel 10 Bullet 1","Barrel 7 Bullet 2",0.733333333333333,0.5,8,4.83333333333333,0.0289603174603175,0.0233333333333333,0.32,0.199642857142857,"KNM","KNM"
"81","Barrel 10 Bullet 1","Barrel 8 Bullet 1",1.04,1,7,5.2,0.0377047619047619,0.0333333333333334,0.291666666666667,0.212333333333333,"KNM","KNM"
"82","Barrel 10 Bullet 1","Barrel 8 Bullet 2",1.1,1,6,5,0.046952380952381,0.059047619047619,0.25,0.209126984126984,"KNM","KNM"
"83","Barrel 10 Bullet 1","Barrel 9 Bullet 1",0.733333333333333,0.5,7,5,0.0300555555555556,0.0327380952380953,0.285714285714286,0.208134920634921,"KNM","KNM"
"84","Barrel 10 Bullet 1","Barrel 9 Bullet 2",0.4,0,7,4.5,0.017484126984127,0.0119047619047619,0.291666666666667,0.188134920634921,"KNM","KNM"
"85","Barrel 10 Bullet 1","Unknowns Bullet 'E'",0.800000000000001,1,8,5.4,0.0278857142857143,0.0416666666666667,0.32,0.219333333333333,"KNM","UKN"
"86","Barrel 10 Bullet 1","Unknowns Bullet 'F'",1.7,2,9,6,0.0692301587301587,0.0733333333333333,0.36,0.249126984126984,"KNM","UKN"
"87","Barrel 10 Bullet 1","Unknowns Bullet 'G'",0.566666666666667,0.5,7,4.5,0.0216746031746032,0.0233333333333333,0.28,0.185039682539683,"KNM","UKN"
"88","Barrel 10 Bullet 1","Unknowns Bullet 'H'",0.166666666666667,0.5,8,4.5,0.00858730158730159,0.0166666666666667,0.32,0.188571428571429,"KNM","UKN"
"89","Barrel 10 Bullet 1","Unknowns Bullet 'I'",0.919999999999999,1,8,4.6,0.0392476190476191,0.04,0.32,0.191904761904762,"KNM","UKN"
"90","Barrel 10 Bullet 1","Unknowns Bullet 'J'",0.966666666666667,0.5,9,5.5,0.0432936507936508,0.0319047619047619,0.380952380952381,0.23265873015873,"KNM","UKN"
"91","Barrel 10 Bullet 1","Unknowns Bullet 'K'",0.4,0.5,7,4.33333333333333,0.0184761904761905,0.0233333333333333,0.28,0.18218253968254,"KNM","UKN"
"92","Barrel 10 Bullet 1","Unknowns Bullet 'L'",0.5,0.5,6,4.5,0.02,0.0233333333333333,0.25,0.187301587301587,"KNM","UKN"
"93","Barrel 10 Bullet 1","Unknowns Bullet 'O'",1,0,9,4.83333333333333,0.0405952380952381,0.0185714285714285,0.36,0.200357142857143,"KNM","UKN"
"94","Barrel 10 Bullet 1","Unknowns Bullet 'P'",0.6,0.5,7,4.5,0.0264920634920635,0.0352380952380952,0.285714285714286,0.189285714285714,"KNM","UKN"
"95","Barrel 10 Bullet 1","Unknowns Bullet 'S'",8.9,8.5,17,13.1666666666667,0.373214285714286,0.392857142857143,0.68,0.550674603174603,"KM","UKN"
"96","Barrel 10 Bullet 1","Unknowns Bullet 'T'",0.600000000000001,0.5,8,4.66666666666667,0.0254285714285714,0.0233333333333333,0.32,0.194801587301587,"KNM","UKN"
"97","Barrel 10 Bullet 1","Unknowns Bullet 'U'",0.2,1,7,4.5,0.00830158730158728,0.0333333333333334,0.291666666666667,0.186587301587302,"KNM","UKN"
"98","Barrel 10 Bullet 1","Unknowns Bullet 'X'",1.56666666666667,1.5,8,5.5,0.0649603174603174,0.0616666666666667,0.32,0.228412698412698,"KNM","UKN"
"99","Barrel 10 Bullet 1","Unknowns Bullet 'Y'",1.1,2,8,5.33333333333333,0.0426904761904762,0.0733333333333333,0.32,0.218928571428571,"KNM","UKN"
"100","Barrel 10 Bullet 2","Barrel 2 Bullet 1",1.04,0,8,4.8,0.0423710144927536,0.00666666666666665,0.333333333333333,0.198086956521739,"KNM","KNM"
"101","Barrel 10 Bullet 2","Barrel 2 Bullet 2",0.309523809523809,0.5,7,4.5,0.0160722912353347,0.0253623188405797,0.28,0.188967391304348,"KNM","KNM"
"102","Barrel 10 Bullet 2","Barrel 3 Bullet 1",0.875,0.5,7,5,0.0367300724637681,0.0220289855072464,0.291666666666667,0.207264492753623,"KNM","KNM"
"103","Barrel 10 Bullet 2","Barrel 3 Bullet 2",0.6,1,9,4.8,0.025863768115942,0.0333333333333334,0.36,0.199173913043478,"KNM","KNM"
"104","Barrel 10 Bullet 2","Barrel 4 Bullet 1",1.44,1,11,5.8,0.0586985507246377,0.0416666666666667,0.478260869565217,0.239449275362319,"KNM","KNM"
"105","Barrel 10 Bullet 2","Barrel 4 Bullet 2",0.96,0,8,5,0.0389333333333333,0.00724637681159421,0.32,0.205782608695652,"KNM","KNM"
"106","Barrel 10 Bullet 2","Barrel 5 Bullet 1",0.8,2,6,4.8,0.0339304347826087,0.08,0.260869565217391,0.199173913043478,"KNM","KNM"
"107","Barrel 10 Bullet 2","Barrel 5 Bullet 2",1,2,6,5.4,0.0417739130434783,0.0660869565217391,0.260869565217391,0.223840579710145,"KNM","KNM"
"108","Barrel 10 Bullet 2","Barrel 6 Bullet 1",0.88,1,7,5,0.0373623188405797,0.0416666666666667,0.291666666666667,0.207478260869565,"KNM","KNM"
"109","Barrel 10 Bullet 2","Barrel 6 Bullet 2",0.88,0,6,4.4,0.0361449275362319,0.00666666666666665,0.24,0.181086956521739,"KNM","KNM"
"110","Barrel 10 Bullet 2","Barrel 7 Bullet 1",0.48,0,6,4.4,0.0199275362318841,0.0139130434782609,0.25,0.182115942028986,"KNM","KNM"
"111","Barrel 10 Bullet 2","Barrel 7 Bullet 2",0.600000000000001,0,6,4.4,0.0244289855072464,0.00666666666666665,0.25,0.181811594202899,"KNM","KNM"
"112","Barrel 10 Bullet 2","Barrel 8 Bullet 1",1.26190476190476,1.5,7,5.5,0.0539492753623189,0.0661231884057971,0.291666666666667,0.229311594202899,"KNM","KNM"
"113","Barrel 10 Bullet 2","Barrel 8 Bullet 2",0.6,1,7,4.8,0.0257536231884058,0.0416666666666667,0.304347826086957,0.199202898550725,"KNM","KNM"
"114","Barrel 10 Bullet 2","Barrel 9 Bullet 1",0.6,1,6,4.6,0.0257855072463768,0.0416666666666667,0.25,0.190811594202899,"KNM","KNM"
"115","Barrel 10 Bullet 2","Barrel 9 Bullet 2",0.32,0,6,4.4,0.0145855072463768,0.00724637681159421,0.260869565217391,0.183173913043478,"KNM","KNM"
"116","Barrel 10 Bullet 2","Unknowns Bullet 'E'",0.619047619047619,1,7,5,0.0224413388543823,0.0260869565217391,0.291666666666667,0.204166666666667,"KNM","UKN"
"117","Barrel 10 Bullet 2","Unknowns Bullet 'F'",0.32,0,7,4.4,0.0139449275362319,0.00724637681159421,0.291666666666667,0.182115942028986,"KNM","UKN"
"118","Barrel 10 Bullet 2","Unknowns Bullet 'G'",0.32,0,7,4.2,0.0132115942028986,0.00724637681159421,0.28,0.173449275362319,"KNM","UKN"
"119","Barrel 10 Bullet 2","Unknowns Bullet 'H'",1.64,1,7,5.4,0.0687478260869565,0.0483333333333333,0.304347826086957,0.224536231884058,"KNM","UKN"
"120","Barrel 10 Bullet 2","Unknowns Bullet 'I'",1.42857142857143,2,6,5,0.0608652518978606,0.0824275362318841,0.24,0.208097826086957,"KNM","UKN"
"121","Barrel 10 Bullet 2","Unknowns Bullet 'J'",0.92,1,8,5,0.0385971014492754,0.0483333333333333,0.333333333333333,0.207173913043478,"KNM","UKN"
"122","Barrel 10 Bullet 2","Unknowns Bullet 'K'",0.28,1,6,4.2,0.0129014492753623,0.0483333333333333,0.24,0.174811594202899,"KNM","UKN"
"123","Barrel 10 Bullet 2","Unknowns Bullet 'L'",0.32,0,6,4.2,0.0129217391304348,0,0.24,0.173086956521739,"KNM","UKN"
"124","Barrel 10 Bullet 2","Unknowns Bullet 'O'",0.84,1,6,4.8,0.0341826086956522,0.0483333333333333,0.25,0.197753623188406,"KNM","UKN"
"125","Barrel 10 Bullet 2","Unknowns Bullet 'P'",0.44,1,7,4.8,0.018568115942029,0.0416666666666667,0.291666666666667,0.198478260869565,"KNM","UKN"
"126","Barrel 10 Bullet 2","Unknowns Bullet 'S'",8.92,11,17,13.2,0.370933333333333,0.458333333333333,0.708333333333333,0.547710144927536,"KM","UKN"
"127","Barrel 10 Bullet 2","Unknowns Bullet 'T'",0.24,0,8,4.2,0.0108231884057971,0.00666666666666665,0.32,0.174478260869565,"KNM","UKN"
"128","Barrel 10 Bullet 2","Unknowns Bullet 'U'",0.64,1,7,4.8,0.0269565217391304,0.0416666666666667,0.291666666666667,0.199144927536232,"KNM","UKN"
"129","Barrel 10 Bullet 2","Unknowns Bullet 'X'",1.4,2,8,5.8,0.0585855072463768,0.0660869565217391,0.333333333333333,0.240507246376812,"KNM","UKN"
"130","Barrel 10 Bullet 2","Unknowns Bullet 'Y'",0.84,1,6,5,0.0350289855072464,0.0416666666666667,0.24,0.206811594202899,"KNM","UKN"
"131","Barrel 2 Bullet 1","Barrel 2 Bullet 2",14.6,14,22,18.8,0.5938,0.56,0.88,0.764,"KM","KM"
"132","Barrel 2 Bullet 1","Barrel 3 Bullet 1",0.7,1,7,4.25,0.0305,0.035,0.291666666666667,0.174166666666667,"KNM","KNM"
"133","Barrel 2 Bullet 1","Barrel 3 Bullet 2",0.333333333333333,0,6,4.16666666666667,0.0137222222222222,0.00333333333333333,0.24,0.169166666666667,"KNM","KNM"
"134","Barrel 2 Bullet 1","Barrel 4 Bullet 1",0.633333333333333,0.5,6,4.5,0.0257222222222222,0.0233333333333333,0.24,0.1825,"KNM","KNM"
"135","Barrel 2 Bullet 1","Barrel 4 Bullet 2",0.933333333333333,1.5,8,4.83333333333333,0.0371666666666667,0.0583333333333333,0.32,0.195277777777778,"KNM","KNM"
"136","Barrel 2 Bullet 1","Barrel 5 Bullet 1",0.366666666666666,0.5,7,4.5,0.0153888888888889,0.0233333333333333,0.28,0.182777777777778,"KNM","KNM"
"137","Barrel 2 Bullet 1","Barrel 5 Bullet 2",1.5,1,8,5.5,0.0608888888888889,0.0441666666666667,0.32,0.223055555555556,"KNM","KNM"
"138","Barrel 2 Bullet 1","Barrel 6 Bullet 1",0.433333333333333,0,7,4,0.0182222222222222,0,0.291666666666667,0.162777777777778,"KNM","KNM"
"139","Barrel 2 Bullet 1","Barrel 6 Bullet 2",0.633333333333333,1.5,7,4.5,0.0261111111111111,0.0575,0.291666666666667,0.182777777777778,"KNM","KNM"
"140","Barrel 2 Bullet 1","Barrel 7 Bullet 1",0.566666666666666,0,6,4.33333333333333,0.0234444444444444,0.00333333333333333,0.25,0.176111111111111,"KNM","KNM"
"141","Barrel 2 Bullet 1","Barrel 7 Bullet 2",0.566666666666666,1,8,4.33333333333333,0.0231666666666667,0.0383333333333333,0.32,0.175833333333333,"KNM","KNM"
"142","Barrel 2 Bullet 1","Barrel 8 Bullet 1",0.48,0,8,4.4,0.0196,0.00666666666666665,0.32,0.178666666666667,"KNM","KNM"
"143","Barrel 2 Bullet 1","Barrel 8 Bullet 2",0.4,0.5,6,4.5,0.0166666666666667,0.02,0.25,0.183055555555556,"KNM","KNM"
"144","Barrel 2 Bullet 1","Barrel 9 Bullet 1",0.866666666666666,0.5,8,5,0.0343888888888889,0.0233333333333333,0.32,0.202222222222222,"KNM","KNM"
"145","Barrel 2 Bullet 1","Barrel 9 Bullet 2",0.766666666666667,0.5,7,4.83333333333333,0.0318888888888889,0.02,0.291666666666667,0.196944444444444,"KNM","KNM"
"146","Barrel 2 Bullet 1","Unknowns Bullet 'E'",0.8,0,9,4.6,0.0325333333333333,0.00666666666666665,0.36,0.186666666666667,"KNM","UKN"
"147","Barrel 2 Bullet 1","Unknowns Bullet 'F'",0.666666666666667,0.5,6,4.66666666666667,0.0271111111111111,0.0233333333333333,0.25,0.189444444444444,"KNM","UKN"
"148","Barrel 2 Bullet 1","Unknowns Bullet 'G'",0.566666666666667,1,8,4.66666666666667,0.0234444444444444,0.04,0.333333333333333,0.189722222222222,"KNM","UKN"
"149","Barrel 2 Bullet 1","Unknowns Bullet 'H'",0.5,1,7,4.83333333333333,0.0200555555555555,0.04,0.291666666666667,0.195833333333333,"KNM","UKN"
"150","Barrel 2 Bullet 1","Unknowns Bullet 'I'",1,1,9,5,0.0420666666666667,0.04,0.375,0.204333333333333,"KNM","UKN"
"151","Barrel 2 Bullet 1","Unknowns Bullet 'J'",0.6,1,11,5,0.0243333333333333,0.0483333333333333,0.44,0.202777777777778,"KNM","UKN"
"152","Barrel 2 Bullet 1","Unknowns Bullet 'K'",1.73333333333333,1,9,5.66666666666667,0.0705555555555555,0.0433333333333333,0.36,0.23,"KNM","UKN"
"153","Barrel 2 Bullet 1","Unknowns Bullet 'L'",0.466666666666666,0,6,4.33333333333333,0.0191111111111111,0.00333333333333333,0.25,0.175833333333333,"KNM","UKN"
"154","Barrel 2 Bullet 1","Unknowns Bullet 'O'",14.7,14.5,23,18.8333333333333,0.596944444444444,0.595833333333333,0.92,0.764444444444444,"KM","UKN"
"155","Barrel 2 Bullet 1","Unknowns Bullet 'P'",0.866666666666666,1,11,5,0.0344444444444444,0.04,0.44,0.201944444444444,"KNM","UKN"
"156","Barrel 2 Bullet 1","Unknowns Bullet 'S'",0.333333333333333,1,6,4.5,0.0138333333333333,0.0408333333333333,0.25,0.182777777777778,"KNM","UKN"
"157","Barrel 2 Bullet 1","Unknowns Bullet 'T'",0.866666666666666,1,7,4.83333333333333,0.0349444444444444,0.04,0.28,0.195833333333333,"KNM","UKN"
"158","Barrel 2 Bullet 1","Unknowns Bullet 'U'",0.866666666666667,1.5,6,4.66666666666667,0.0351666666666667,0.0575,0.25,0.189166666666667,"KNM","UKN"
"159","Barrel 2 Bullet 1","Unknowns Bullet 'X'",0.433333333333334,0,9,4.66666666666667,0.0178333333333333,0.00666666666666665,0.36,0.189444444444444,"KNM","UKN"
"160","Barrel 2 Bullet 1","Unknowns Bullet 'Y'",0.466666666666667,1,6,4.5,0.0196666666666667,0.0366666666666667,0.25,0.183333333333333,"KNM","UKN"
"161","Barrel 2 Bullet 2","Barrel 3 Bullet 1",0.784313725490196,1,6,4.66666666666667,0.0297058823529412,0.04,0.25,0.186666666666667,"KNM","KNM"
"162","Barrel 2 Bullet 2","Barrel 3 Bullet 2",0.16,0,6,4.2,0.00653333333333334,0.00666666666666665,0.24,0.169333333333333,"KNM","KNM"
"163","Barrel 2 Bullet 2","Barrel 4 Bullet 1",1.2,1,7,5.2,0.0480666666666667,0.0483333333333333,0.28,0.209666666666667,"KNM","KNM"
"164","Barrel 2 Bullet 2","Barrel 4 Bullet 2",0.84,1,10,4.8,0.0339333333333333,0.04,0.4,0.193666666666667,"KNM","KNM"
"165","Barrel 2 Bullet 2","Barrel 5 Bullet 1",1.36,1,7,5.2,0.0552,0.04,0.291666666666667,0.21,"KNM","KNM"
"166","Barrel 2 Bullet 2","Barrel 5 Bullet 2",1.04,1,6,5.2,0.0420666666666667,0.04,0.25,0.21,"KNM","KNM"
"167","Barrel 2 Bullet 2","Barrel 6 Bullet 1",1.76,3,6,5.2,0.0712,0.115,0.25,0.21,"KNM","KNM"
"168","Barrel 2 Bullet 2","Barrel 6 Bullet 2",0.48,0,6,4.2,0.0192666666666667,0,0.24,0.169333333333333,"KNM","KNM"
"169","Barrel 2 Bullet 2","Barrel 7 Bullet 1",0.76,0,8,4.6,0.0310666666666667,0.00666666666666665,0.32,0.186,"KNM","KNM"
"170","Barrel 2 Bullet 2","Barrel 7 Bullet 2",0.6,0,6,4.6,0.0236666666666666,0.00666666666666665,0.25,0.185333333333333,"KNM","KNM"
"171","Barrel 2 Bullet 2","Barrel 8 Bullet 1",1.03571428571429,1,6,4.75,0.041984126984127,0.0433333333333333,0.24,0.191666666666667,"KNM","KNM"
"172","Barrel 2 Bullet 2","Barrel 8 Bullet 2",0.8,0,7,4.6,0.0321333333333333,0.00666666666666665,0.28,0.185333333333333,"KNM","KNM"
"173","Barrel 2 Bullet 2","Barrel 9 Bullet 1",1.24,1,7,5,0.0496666666666667,0.04,0.28,0.201333333333333,"KNM","KNM"
"174","Barrel 2 Bullet 2","Barrel 9 Bullet 2",0.52,0,6,4.4,0.0208,0.00666666666666665,0.24,0.177333333333333,"KNM","KNM"
"175","Barrel 2 Bullet 2","Unknowns Bullet 'E'",1.69047619047619,2,8,5.5,0.0678571428571429,0.08,0.32,0.221666666666667,"KNM","UKN"
"176","Barrel 2 Bullet 2","Unknowns Bullet 'F'",0.8,1,6,4.8,0.0324,0.04,0.24,0.193666666666667,"KNM","UKN"
"177","Barrel 2 Bullet 2","Unknowns Bullet 'G'",1,2,8,5.2,0.0408666666666667,0.08,0.32,0.21,"KNM","UKN"
"178","Barrel 2 Bullet 2","Unknowns Bullet 'H'",0.96,2,8,5.2,0.0388,0.08,0.333333333333333,0.21,"KNM","UKN"
"179","Barrel 2 Bullet 2","Unknowns Bullet 'I'",0.952380952380953,1,7,5,0.0364285714285714,0.04,0.28,0.2,"KNM","UKN"
"180","Barrel 2 Bullet 2","Unknowns Bullet 'J'",0.32,1,6,4.4,0.0129333333333333,0.04,0.24,0.177666666666667,"KNM","UKN"
"181","Barrel 2 Bullet 2","Unknowns Bullet 'K'",0.68,1,7,4.6,0.0264666666666667,0.04,0.28,0.184666666666667,"KNM","UKN"
"182","Barrel 2 Bullet 2","Unknowns Bullet 'L'",0.48,1,6,3.8,0.0192,0.035,0.24,0.153,"KNM","UKN"
"183","Barrel 2 Bullet 2","Unknowns Bullet 'O'",16.16,18,24,20.4,0.652133333333333,0.756666666666667,0.96,0.823333333333333,"KM","UKN"
"184","Barrel 2 Bullet 2","Unknowns Bullet 'P'",0.68,1,7,4.6,0.0284,0.04,0.291666666666667,0.186333333333333,"KNM","UKN"
"185","Barrel 2 Bullet 2","Unknowns Bullet 'S'",1.04,1,7,4.8,0.0414,0.04,0.28,0.193,"KNM","UKN"
"186","Barrel 2 Bullet 2","Unknowns Bullet 'T'",1.32,0,9,5,0.0526,0,0.36,0.201,"KNM","UKN"
"187","Barrel 2 Bullet 2","Unknowns Bullet 'U'",0.36,0,7,4.2,0.0139333333333334,0,0.291666666666667,0.169,"KNM","UKN"
"188","Barrel 2 Bullet 2","Unknowns Bullet 'X'",0.48,0,8,4.4,0.0194666666666667,0,0.32,0.177666666666667,"KNM","UKN"
"189","Barrel 2 Bullet 2","Unknowns Bullet 'Y'",0.28,0,6,4,0.0114,0.00666666666666665,0.24,0.161333333333333,"KNM","UKN"
"190","Barrel 3 Bullet 1","Barrel 3 Bullet 2",9.4,10.5,22,14,0.393460144927536,0.456521739130435,0.88,0.587300724637681,"KM","KM"
"191","Barrel 3 Bullet 1","Barrel 4 Bullet 1",2.05,2,7,6,0.0856014492753623,0.0784057971014493,0.291666666666667,0.25161231884058,"KNM","KNM"
"192","Barrel 3 Bullet 1","Barrel 4 Bullet 2",0.65,1,6,4.75,0.0271195652173913,0.0461956521739131,0.25,0.199039855072464,"KNM","KNM"
"193","Barrel 3 Bullet 1","Barrel 5 Bullet 1",1.05,0.5,7,5,0.0444746376811594,0.0323188405797101,0.291666666666667,0.210742753623188,"KNM","KNM"
"194","Barrel 3 Bullet 1","Barrel 5 Bullet 2",1.05,1,8,5.25,0.0425978260869565,0.0366666666666667,0.32,0.219039855072464,"KNM","KNM"
"195","Barrel 3 Bullet 1","Barrel 6 Bullet 1",1,1,7,5,0.0414166666666667,0.0420289855072464,0.291666666666667,0.209873188405797,"KNM","KNM"
"196","Barrel 3 Bullet 1","Barrel 6 Bullet 2",1.3,1.5,7,5,0.0546014492753623,0.0581159420289855,0.304347826086957,0.21036231884058,"KNM","KNM"
"197","Barrel 3 Bullet 1","Barrel 7 Bullet 1",0.25,1.5,7,4.75,0.0124492753623189,0.0547826086956522,0.304347826086957,0.201231884057971,"KNM","KNM"
"198","Barrel 3 Bullet 1","Barrel 7 Bullet 2",0.8,1,7,5,0.0329927536231884,0.0384057971014493,0.291666666666667,0.209873188405797,"KNM","KNM"
"199","Barrel 3 Bullet 1","Barrel 8 Bullet 1",0.75,1,6,4.75,0.0316349637681159,0.0344202898550725,0.24,0.199492753623188,"KNM","KNM"
"200","Barrel 3 Bullet 1","Barrel 8 Bullet 2",0.55,0.5,6,4.75,0.0233695652173913,0.0253623188405797,0.25,0.200326086956522,"KNM","KNM"
"201","Barrel 3 Bullet 1","Barrel 9 Bullet 1",1.75,2,8,5.75,0.0744021739130435,0.085,0.32,0.242065217391304,"KNM","KNM"
"202","Barrel 3 Bullet 1","Barrel 9 Bullet 2",0.7,0.5,8,4.75,0.0314855072463768,0.0244565217391305,0.347826086956522,0.201231884057971,"KNM","KNM"
"203","Barrel 3 Bullet 1","Unknowns Bullet 'E'",0.509803921568627,0,6,4.33333333333333,0.0189400397840296,0.00724637681159421,0.25,0.180193236714976,"KNM","UKN"
"204","Barrel 3 Bullet 1","Unknowns Bullet 'F'",2.1,2.5,7,6,0.0878876811594203,0.0983333333333334,0.304347826086957,0.252065217391304,"KNM","UKN"
"205","Barrel 3 Bullet 1","Unknowns Bullet 'G'",0.55,0,6,4.25,0.0213804347826087,0.0250724637681159,0.24,0.177300724637681,"KNM","UKN"
"206","Barrel 3 Bullet 1","Unknowns Bullet 'H'",1.05,1.5,7,5.25,0.0440036231884058,0.0502536231884058,0.291666666666667,0.220778985507246,"KNM","UKN"
"207","Barrel 3 Bullet 1","Unknowns Bullet 'I'",1.07843137254902,2,8,5.66666666666667,0.0507331628303495,0.0760869565217391,0.347826086956522,0.242753623188406,"KNM","UKN"
"208","Barrel 3 Bullet 1","Unknowns Bullet 'J'",1.05,1,7,5,0.0427427536231884,0.0402898550724638,0.291666666666667,0.209003623188406,"KNM","UKN"
"209","Barrel 3 Bullet 1","Unknowns Bullet 'K'",0.4,1,6,4.75,0.0178152173913043,0.0302536231884058,0.260869565217391,0.200778985507246,"KNM","UKN"
"210","Barrel 3 Bullet 1","Unknowns Bullet 'L'",11.1,11,19,15.5,0.468626811594203,0.448695652173913,0.826086956521739,0.653242753623188,"KM","UKN"
"211","Barrel 3 Bullet 1","Unknowns Bullet 'O'",0.6,1,5,4,0.0262753623188406,0.0365217391304348,0.217391304347826,0.169076086956522,"KNM","UKN"
"212","Barrel 3 Bullet 1","Unknowns Bullet 'P'",0.85,0.5,6,4.75,0.0360869565217391,0.0323188405797101,0.24,0.199492753623188,"KNM","UKN"
"213","Barrel 3 Bullet 1","Unknowns Bullet 'S'",1.2,1.5,7,5.5,0.051963768115942,0.0652173913043478,0.291666666666667,0.232481884057971,"KNM","UKN"
"214","Barrel 3 Bullet 1","Unknowns Bullet 'T'",0.6,1,6,4.75,0.0253695652173913,0.0347826086956522,0.25,0.19945652173913,"KNM","UKN"
"215","Barrel 3 Bullet 1","Unknowns Bullet 'U'",0.6,0.5,6,4.5,0.025786231884058,0.0289855072463768,0.260869565217391,0.190326086956522,"KNM","UKN"
"216","Barrel 3 Bullet 1","Unknowns Bullet 'X'",0.55,0.5,7,4.5,0.0247971014492754,0.0302173913043478,0.291666666666667,0.19036231884058,"KNM","UKN"
"217","Barrel 3 Bullet 1","Unknowns Bullet 'Y'",1.15,1,7,5.25,0.0503550724637681,0.0420289855072464,0.304347826086957,0.222101449275362,"KNM","UKN"
"218","Barrel 3 Bullet 2","Barrel 4 Bullet 1",0.466666666666667,0.5,8,4.66666666666667,0.020475845410628,0.0289855072463768,0.347826086956522,0.196775362318841,"KNM","KNM"
"219","Barrel 3 Bullet 2","Barrel 4 Bullet 2",0.666666666666666,0.5,9,4.83333333333333,0.0279444444444445,0.0269565217391304,0.375,0.202789855072464,"KNM","KNM"
"220","Barrel 3 Bullet 2","Barrel 5 Bullet 1",0.466666666666667,1,6,4.16666666666667,0.0208502415458937,0.0434782608695652,0.260869565217391,0.175591787439614,"KNM","KNM"
"221","Barrel 3 Bullet 2","Barrel 5 Bullet 2",0.466666666666667,0,8,4.66666666666667,0.0199468599033817,0,0.347826086956522,0.195893719806763,"KNM","KNM"
"222","Barrel 3 Bullet 2","Barrel 6 Bullet 1",0.566666666666667,0.5,7,4.66666666666667,0.0252729468599034,0.0253623188405797,0.304347826086957,0.197330917874396,"KNM","KNM"
"223","Barrel 3 Bullet 2","Barrel 6 Bullet 2",0.8,0.5,6,4.66666666666667,0.0334782608695652,0.0269565217391304,0.260869565217391,0.195869565217391,"KNM","KNM"
"224","Barrel 3 Bullet 2","Barrel 7 Bullet 1",0.699999999999999,1,7,4.83333333333333,0.0300676328502416,0.0507246376811594,0.304347826086957,0.203695652173913,"KNM","KNM"
"225","Barrel 3 Bullet 2","Barrel 7 Bullet 2",0.9,0,10,4.83333333333333,0.0393115942028986,0.0139130434782609,0.434782608695652,0.20487922705314,"KNM","KNM"
"226","Barrel 3 Bullet 2","Barrel 8 Bullet 1",0.48,0,7,4.6,0.0229449275362319,0,0.304347826086957,0.195768115942029,"KNM","KNM"
"227","Barrel 3 Bullet 2","Barrel 8 Bullet 2",0.633333333333333,0.5,7,4.83333333333333,0.0265531400966184,0.0130434782608696,0.304347826086957,0.203140096618357,"KNM","KNM"
"228","Barrel 3 Bullet 2","Barrel 9 Bullet 1",0.633333333333333,0.5,6,4.5,0.0262367149758454,0.0185507246376812,0.260869565217391,0.188623188405797,"KNM","KNM"
"229","Barrel 3 Bullet 2","Barrel 9 Bullet 2",0.366666666666667,0.5,6,4.16666666666667,0.0145048309178744,0.028695652173913,0.260869565217391,0.17445652173913,"KNM","KNM"
"230","Barrel 3 Bullet 2","Unknowns Bullet 'E'",0.48,1,7,4.6,0.0192985507246377,0.0260869565217391,0.28,0.192260869565217,"KNM","UKN"
"231","Barrel 3 Bullet 2","Unknowns Bullet 'F'",0.966666666666667,1.5,7,5,0.0402294685990338,0.0533333333333333,0.304347826086957,0.209806763285024,"KNM","UKN"
"232","Barrel 3 Bullet 2","Unknowns Bullet 'G'",0.466666666666666,1,7,4.33333333333333,0.0205169082125604,0.0459057971014493,0.291666666666667,0.18225845410628,"KNM","UKN"
"233","Barrel 3 Bullet 2","Unknowns Bullet 'H'",0.166666666666667,0,7,4,0.00795652173913045,0.0102898550724637,0.304347826086957,0.168949275362319,"KNM","UKN"
"234","Barrel 3 Bullet 2","Unknowns Bullet 'I'",0.88,1,7,5,0.0408144927536232,0.0434782608695652,0.28,0.212797101449275,"KNM","UKN"
"235","Barrel 3 Bullet 2","Unknowns Bullet 'J'",0.6,0.5,9,4.5,0.0260966183574879,0.0269565217391304,0.391304347826087,0.189806763285024,"KNM","UKN"
"236","Barrel 3 Bullet 2","Unknowns Bullet 'K'",0.633333333333334,0.5,7,4.66666666666667,0.0248647342995169,0.028695652173913,0.304347826086957,0.195012077294686,"KNM","UKN"
"237","Barrel 3 Bullet 2","Unknowns Bullet 'L'",6.9,9.5,14,10.8333333333333,0.288739130434783,0.376666666666667,0.608695652173913,0.453550724637681,"KM","UKN"
"238","Barrel 3 Bullet 2","Unknowns Bullet 'O'",1.1,1.5,6,4.66666666666667,0.0470507246376812,0.0606884057971015,0.260869565217391,0.196751207729469,"KNM","UKN"
"239","Barrel 3 Bullet 2","Unknowns Bullet 'P'",1.53333333333333,1.5,7,5.5,0.0640458937198068,0.0620289855072464,0.28,0.230084541062802,"KNM","UKN"
"240","Barrel 3 Bullet 2","Unknowns Bullet 'S'",0.533333333333333,1,9,4.5,0.0223719806763285,0.0453623188405797,0.375,0.188623188405797,"KNM","UKN"
"241","Barrel 3 Bullet 2","Unknowns Bullet 'T'",0.8,0.5,6,4.5,0.0342729468599034,0.0269565217391304,0.260869565217391,0.189528985507246,"KNM","UKN"
"242","Barrel 3 Bullet 2","Unknowns Bullet 'U'",0.366666666666667,1,7,4.16666666666667,0.0164613526570048,0.0398550724637681,0.304347826086957,0.175893719806763,"KNM","UKN"
"243","Barrel 3 Bullet 2","Unknowns Bullet 'X'",0.433333333333333,0,8,4.33333333333333,0.0190265700483092,0.00695652173913044,0.347826086956522,0.183442028985507,"KNM","UKN"
"244","Barrel 3 Bullet 2","Unknowns Bullet 'Y'",1.2,1.5,7,5.33333333333333,0.0511570048309179,0.0620289855072464,0.291666666666667,0.223973429951691,"KNM","UKN"
"245","Barrel 4 Bullet 1","Barrel 4 Bullet 2",10.4333333333333,9.5,19,14.5,0.455237938390112,0.454874835309618,0.791666666666667,0.632905138339921,"KM","KM"
"246","Barrel 4 Bullet 1","Barrel 5 Bullet 1",0.766666666666667,1,6,4.66666666666667,0.0323051948051948,0.0344202898550725,0.260869565217391,0.202937762720371,"KNM","KNM"
"247","Barrel 4 Bullet 1","Barrel 5 Bullet 2",0.4,0.5,7,4.5,0.0187017692452475,0.0256916996047431,0.304347826086957,0.198004893657068,"KNM","KNM"
"248","Barrel 4 Bullet 1","Barrel 6 Bullet 1",0.433333333333333,0.5,7,4.33333333333333,0.0217171717171717,0.0217391304347826,0.333333333333333,0.193072024593764,"KNM","KNM"
"249","Barrel 4 Bullet 1","Barrel 6 Bullet 2",0.666666666666667,1.5,6,4.33333333333333,0.0285690758516846,0.0515127987954075,0.25,0.18940570299266,"KNM","KNM"
"250","Barrel 4 Bullet 1","Barrel 7 Bullet 1",1.13333333333333,1,7,5,0.0482864357864358,0.0610766045548654,0.333333333333333,0.218810778593387,"KNM","KNM"
"251","Barrel 4 Bullet 1","Barrel 7 Bullet 2",1.36666666666667,1,7,5.33333333333333,0.058527040592258,0.0380434782608696,0.304347826086957,0.232942781855825,"KNM","KNM"
"252","Barrel 4 Bullet 1","Barrel 8 Bullet 1",0.48,0,8,4.4,0.0211274233013364,0.00724637681159421,0.333333333333333,0.192076039902127,"KNM","KNM"
"253","Barrel 4 Bullet 1","Barrel 8 Bullet 2",0.533333333333333,0.5,6,4.5,0.0228488299140473,0.0291149068322982,0.25,0.196710897797854,"KNM","KNM"
"254","Barrel 4 Bullet 1","Barrel 9 Bullet 1",1.23333333333333,0.5,9,5.33333333333333,0.0543391994478951,0.0256916996047431,0.380952380952381,0.234797509254031,"KNM","KNM"
"255","Barrel 4 Bullet 1","Barrel 9 Bullet 2",0.666666666666667,0.5,6,4.5,0.0287251395947048,0.0327380952380953,0.260869565217391,0.197644143296317,"KNM","KNM"
"256","Barrel 4 Bullet 1","Unknowns Bullet 'E'",1.6,2,8,5.6,0.0643214756258234,0.0833333333333333,0.347826086956522,0.240349143610013,"KNM","UKN"
"257","Barrel 4 Bullet 1","Unknowns Bullet 'F'",0.433333333333334,0.5,7,4.5,0.0193354350963046,0.0244565217391305,0.291666666666667,0.197761779283518,"KNM","UKN"
"258","Barrel 4 Bullet 1","Unknowns Bullet 'G'",1,1,7,4.83333333333333,0.0423944413074848,0.05566534914361,0.333333333333333,0.210929167450907,"KNM","UKN"
"259","Barrel 4 Bullet 1","Unknowns Bullet 'H'",0.5,1,7,4.5,0.0193526883744275,0.0344202898550725,0.291666666666667,0.194699322416714,"KNM","UKN"
"260","Barrel 4 Bullet 1","Unknowns Bullet 'I'",1.32,1,7,5,0.0564201016374929,0.0507246376811594,0.291666666666667,0.217908902691511,"KNM","UKN"
"261","Barrel 4 Bullet 1","Unknowns Bullet 'J'",7.63333333333333,8,13,11.5,0.336247568856265,0.340579710144928,0.619047619047619,0.505046583850932,"KM","UKN"
"262","Barrel 4 Bullet 1","Unknowns Bullet 'K'",0.6,0.5,8,4.33333333333333,0.0254862287470983,0.0289855072463768,0.347826086956522,0.18910377062551,"KNM","UKN"
"263","Barrel 4 Bullet 1","Unknowns Bullet 'L'",0.266666666666667,0,6,4.16666666666667,0.012012987012987,0.0082815734989648,0.25,0.182520076541816,"KNM","UKN"
"264","Barrel 4 Bullet 1","Unknowns Bullet 'O'",0.533333333333334,1,7,4.16666666666667,0.0263002697785306,0.0350084697910785,0.333333333333333,0.185166886253843,"KNM","UKN"
"265","Barrel 4 Bullet 1","Unknowns Bullet 'P'",10.0666666666667,8.5,19,14.3333333333333,0.436714191605496,0.40725578769057,0.791666666666667,0.624278499278499,"KM","UKN"
"266","Barrel 4 Bullet 1","Unknowns Bullet 'S'",1.16666666666667,1,10,5.5,0.0526311249137336,0.0269151138716356,0.454545454545455,0.242855574377314,"KNM","UKN"
"267","Barrel 4 Bullet 1","Unknowns Bullet 'T'",1.23333333333333,2,6,5,0.0529558002384089,0.0776515151515152,0.272727272727273,0.2181167262689,"KNM","UKN"
"268","Barrel 4 Bullet 1","Unknowns Bullet 'U'",0.5,1,7,4.66666666666667,0.0231013551665726,0.0389492753623188,0.333333333333333,0.206270782357739,"KNM","UKN"
"269","Barrel 4 Bullet 1","Unknowns Bullet 'X'",0.633333333333333,0,6,4.33333333333333,0.0283926218708827,0.0119047619047619,0.260869565217391,0.190758516845473,"KNM","UKN"
"270","Barrel 4 Bullet 1","Unknowns Bullet 'Y'",0.3,0,7,4.16666666666667,0.0130952380952381,0.0082815734989648,0.304347826086957,0.182880826902566,"KNM","UKN"
"271","Barrel 4 Bullet 2","Barrel 5 Bullet 1",0.766666666666667,1,7,5,0.0327053140096618,0.0380434782608696,0.28,0.209033816425121,"KNM","KNM"
"272","Barrel 4 Bullet 2","Barrel 5 Bullet 2",0.633333333333333,1,8,4.83333333333333,0.0269323671497585,0.0416666666666667,0.333333333333333,0.202089371980676,"KNM","KNM"
"273","Barrel 4 Bullet 2","Barrel 6 Bullet 1",0.533333333333333,0.5,7,4.66666666666667,0.0226425120772947,0.0244565217391305,0.304347826086957,0.194613526570048,"KNM","KNM"
"274","Barrel 4 Bullet 2","Barrel 6 Bullet 2",1.43333333333333,1,9,5.33333333333333,0.0597632850241546,0.0416666666666667,0.375,0.22201690821256,"KNM","KNM"
"275","Barrel 4 Bullet 2","Barrel 7 Bullet 1",0.366666666666667,0,10,4.16666666666667,0.0160096618357488,0.0250724637681159,0.4,0.173985507246377,"KNM","KNM"
"276","Barrel 4 Bullet 2","Barrel 7 Bullet 2",0.5,0.5,7,4.5,0.0201884057971015,0.0241666666666667,0.291666666666667,0.18701690821256,"KNM","KNM"
"277","Barrel 4 Bullet 2","Barrel 8 Bullet 1",1,0,7,4.8,0.0430434782608696,0,0.304347826086957,0.201536231884058,"KNM","KNM"
"278","Barrel 4 Bullet 2","Barrel 8 Bullet 2",0.766666666666667,0.5,6,4.5,0.0319492753623188,0.0275,0.25,0.187596618357488,"KNM","KNM"
"279","Barrel 4 Bullet 2","Barrel 9 Bullet 1",1.16666666666667,1,9,5.5,0.0500748792270531,0.0380434782608696,0.391304347826087,0.230495169082126,"KNM","KNM"
"280","Barrel 4 Bullet 2","Barrel 9 Bullet 2",0.466666666666666,0,7,4.33333333333333,0.0201280193236715,0.00362318840579709,0.304347826086957,0.181280193236715,"KNM","KNM"
"281","Barrel 4 Bullet 2","Unknowns Bullet 'E'",0.8,1,7,4.6,0.0322840579710145,0.0416666666666667,0.28,0.190420289855072,"KNM","UKN"
"282","Barrel 4 Bullet 2","Unknowns Bullet 'F'",0.666666666666667,1,8,4.66666666666667,0.0271183574879227,0.045,0.333333333333333,0.193937198067633,"KNM","UKN"
"283","Barrel 4 Bullet 2","Unknowns Bullet 'G'",0.666666666666667,0,7,4.5,0.0274492753623189,0.00362318840579709,0.291666666666667,0.18731884057971,"KNM","UKN"
"284","Barrel 4 Bullet 2","Unknowns Bullet 'H'",1.26666666666667,1,9,5.5,0.0541763285024155,0.0416666666666667,0.391304347826087,0.230495169082126,"KNM","UKN"
"285","Barrel 4 Bullet 2","Unknowns Bullet 'I'",0.8,2,6,5,0.032104347826087,0.0733333333333333,0.260869565217391,0.207420289855072,"KNM","UKN"
"286","Barrel 4 Bullet 2","Unknowns Bullet 'J'",8.06666666666667,9,18,12,0.334253623188406,0.381666666666667,0.75,0.497946859903382,"KM","UKN"
"287","Barrel 4 Bullet 2","Unknowns Bullet 'K'",1,1,7,4.83333333333333,0.0414444444444445,0.0384057971014493,0.304347826086957,0.201207729468599,"KNM","UKN"
"288","Barrel 4 Bullet 2","Unknowns Bullet 'L'",0.2,0,6,4,0.00893719806763285,0,0.25,0.167065217391304,"KNM","UKN"
"289","Barrel 4 Bullet 2","Unknowns Bullet 'O'",0.9,1,7,4.33333333333333,0.0379782608695652,0.0452898550724637,0.291666666666667,0.180929951690821,"KNM","UKN"
"290","Barrel 4 Bullet 2","Unknowns Bullet 'P'",11.9333333333333,12,23,16.3333333333333,0.494920289855073,0.503333333333333,0.92,0.677789855072464,"KM","UKN"
"291","Barrel 4 Bullet 2","Unknowns Bullet 'S'",0.366666666666667,0,6,4.16666666666667,0.0166231884057971,0.0398550724637681,0.260869565217391,0.174589371980676,"KNM","UKN"
"292","Barrel 4 Bullet 2","Unknowns Bullet 'T'",0.966666666666667,0,7,4.66666666666667,0.0400700483091787,0.00362318840579709,0.291666666666667,0.194263285024155,"KNM","UKN"
"293","Barrel 4 Bullet 2","Unknowns Bullet 'U'",0.733333333333334,0.5,7,4.66666666666667,0.0320821256038647,0.0208333333333333,0.304347826086957,0.195724637681159,"KNM","UKN"
"294","Barrel 4 Bullet 2","Unknowns Bullet 'X'",0.7,0,6,4.5,0.0293429951690821,0.00362318840579709,0.25,0.187596618357488,"KNM","UKN"
"295","Barrel 4 Bullet 2","Unknowns Bullet 'Y'",1.76666666666667,1.5,7,5.66666666666667,0.0738816425120773,0.0653623188405797,0.291666666666667,0.235954106280193,"KNM","UKN"
"296","Barrel 5 Bullet 1","Barrel 5 Bullet 2",9.43333333333333,10.5,21,13.3333333333333,0.393396825396825,0.4275,0.875,0.557380952380952,"KM","KM"
"297","Barrel 5 Bullet 1","Barrel 6 Bullet 1",0.566666666666667,1,6,4.66666666666667,0.0248888888888889,0.0416666666666667,0.25,0.196904761904762,"KNM","KNM"
"298","Barrel 5 Bullet 1","Barrel 6 Bullet 2",1.06666666666667,0.5,8,5.16666666666667,0.0429365079365079,0.0285714285714286,0.32,0.215634920634921,"KNM","KNM"
"299","Barrel 5 Bullet 1","Barrel 7 Bullet 1",0.4,0.5,7,4.66666666666667,0.019031746031746,0.0323809523809524,0.333333333333333,0.198333333333333,"KNM","KNM"
"300","Barrel 5 Bullet 1","Barrel 7 Bullet 2",0.7,1,7,4.66666666666667,0.0319761904761905,0.0366666666666667,0.333333333333333,0.198888888888889,"KNM","KNM"
"301","Barrel 5 Bullet 1","Barrel 8 Bullet 1",1.2,2,7,5,0.0534095238095238,0.0654761904761905,0.291666666666667,0.213142857142857,"KNM","KNM"
"302","Barrel 5 Bullet 1","Barrel 8 Bullet 2",0.466666666666667,1,9,4.66666666666667,0.0236428571428571,0.0375,0.428571428571429,0.200873015873016,"KNM","KNM"
"303","Barrel 5 Bullet 1","Barrel 9 Bullet 1",0.366666666666667,0,6,4.16666666666667,0.0149126984126984,0.00666666666666665,0.24,0.174087301587302,"KNM","KNM"
"304","Barrel 5 Bullet 1","Barrel 9 Bullet 2",0.766666666666667,0.5,7,4.66666666666667,0.0307301587301587,0.0241666666666667,0.291666666666667,0.194920634920635,"KNM","KNM"
"305","Barrel 5 Bullet 1","Unknowns Bullet 'E'",1.16,2,6,5.2,0.0480476190476191,0.0733333333333333,0.285714285714286,0.218095238095238,"KNM","UKN"
"306","Barrel 5 Bullet 1","Unknowns Bullet 'F'",0.300000000000001,0.5,7,4.66666666666667,0.0151587301587301,0.0327380952380953,0.291666666666667,0.198174603174603,"KNM","UKN"
"307","Barrel 5 Bullet 1","Unknowns Bullet 'G'",0.3,0.5,7,4.33333333333333,0.0132857142857143,0.0352380952380952,0.28,0.182579365079365,"KNM","UKN"
"308","Barrel 5 Bullet 1","Unknowns Bullet 'H'",10.6333333333333,11,19,14.8333333333333,0.448333333333333,0.5,0.791666666666667,0.624722222222222,"KM","UKN"
"309","Barrel 5 Bullet 1","Unknowns Bullet 'I'",9.24,9,19,13.4,0.391885714285714,0.452380952380952,0.76,0.565809523809524,"KM","UKN"
"310","Barrel 5 Bullet 1","Unknowns Bullet 'J'",0.4,0.5,7,4.5,0.0153412698412698,0.0285714285714286,0.291666666666667,0.18797619047619,"KNM","UKN"
"311","Barrel 5 Bullet 1","Unknowns Bullet 'K'",1.2,1,9,5.16666666666667,0.0506349206349206,0.0483333333333333,0.375,0.217460317460317,"KNM","UKN"
"312","Barrel 5 Bullet 1","Unknowns Bullet 'L'",0.733333333333333,0.5,6,4.5,0.0298492063492063,0.0275,0.25,0.18797619047619,"KNM","UKN"
"313","Barrel 5 Bullet 1","Unknowns Bullet 'O'",0.4,1,6,4.5,0.0189285714285714,0.0375,0.25,0.190238095238095,"KNM","UKN"
"314","Barrel 5 Bullet 1","Unknowns Bullet 'P'",1.86666666666667,1.5,8,5.83333333333333,0.0812142857142857,0.0583333333333333,0.380952380952381,0.248492063492063,"KNM","UKN"
"315","Barrel 5 Bullet 1","Unknowns Bullet 'S'",0.666666666666667,0.5,8,4.66666666666667,0.027031746031746,0.0175,0.333333333333333,0.194484126984127,"KNM","UKN"
"316","Barrel 5 Bullet 1","Unknowns Bullet 'T'",0.566666666666667,0.5,6,4.66666666666667,0.0236428571428571,0.0166666666666667,0.25,0.195634920634921,"KNM","UKN"
"317","Barrel 5 Bullet 1","Unknowns Bullet 'U'",0.666666666666667,0.5,6,4.66666666666667,0.0293650793650794,0.0285714285714286,0.285714285714286,0.197896825396825,"KNM","UKN"
"318","Barrel 5 Bullet 1","Unknowns Bullet 'X'",0.9,1.5,7,5,0.0378968253968254,0.0723809523809524,0.291666666666667,0.210793650793651,"KNM","UKN"
"319","Barrel 5 Bullet 1","Unknowns Bullet 'Y'",0.466666666666666,0.5,6,4.33333333333333,0.0187936507936508,0.0166666666666667,0.25,0.181309523809524,"KNM","UKN"
"320","Barrel 5 Bullet 2","Barrel 6 Bullet 1",0.533333333333333,1.5,7,4.33333333333333,0.0226111111111111,0.0625,0.291666666666667,0.179166666666667,"KNM","KNM"
"321","Barrel 5 Bullet 2","Barrel 6 Bullet 2",0.733333333333333,1.5,9,5.16666666666667,0.031,0.0583333333333333,0.375,0.213333333333333,"KNM","KNM"
"322","Barrel 5 Bullet 2","Barrel 7 Bullet 1",1.3,1,7,5.16666666666667,0.0530555555555556,0.0483333333333333,0.291666666666667,0.211944444444444,"KNM","KNM"
"323","Barrel 5 Bullet 2","Barrel 7 Bullet 2",0.8,1,7,5,0.0331666666666667,0.0375,0.291666666666667,0.205833333333333,"KNM","KNM"
"324","Barrel 5 Bullet 2","Barrel 8 Bullet 1",0.84,1,6,4.6,0.0354,0.0416666666666667,0.25,0.19,"KNM","KNM"
"325","Barrel 5 Bullet 2","Barrel 8 Bullet 2",0.6,0.5,6,4.5,0.0248333333333333,0.02,0.25,0.185,"KNM","KNM"
"326","Barrel 5 Bullet 2","Barrel 9 Bullet 1",0.666666666666667,0.5,8,5,0.0268333333333333,0.0175,0.333333333333333,0.205277777777778,"KNM","KNM"
"327","Barrel 5 Bullet 2","Barrel 9 Bullet 2",0.566666666666667,0,7,4.66666666666667,0.023,0,0.291666666666667,0.191666666666667,"KNM","KNM"
"328","Barrel 5 Bullet 2","Unknowns Bullet 'E'",0.72,1,9,4.8,0.0300666666666667,0.0483333333333333,0.36,0.197666666666667,"KNM","UKN"
"329","Barrel 5 Bullet 2","Unknowns Bullet 'F'",0.366666666666667,0,6,4.16666666666667,0.0152222222222222,0.00666666666666665,0.24,0.171388888888889,"KNM","UKN"
"330","Barrel 5 Bullet 2","Unknowns Bullet 'G'",0.466666666666667,0,8,4.5,0.0195,0.00666666666666665,0.333333333333333,0.185555555555556,"KNM","UKN"
"331","Barrel 5 Bullet 2","Unknowns Bullet 'H'",10.5333333333333,12,23,15.1666666666667,0.434055555555556,0.5,0.958333333333333,0.624444444444444,"KM","UKN"
"332","Barrel 5 Bullet 2","Unknowns Bullet 'I'",8.72,11,16,12.8,0.3628,0.465,0.666666666666667,0.530333333333333,"KM","UKN"
"333","Barrel 5 Bullet 2","Unknowns Bullet 'J'",1.2,1,7,5,0.0495,0.0366666666666667,0.291666666666667,0.205833333333333,"KNM","UKN"
"334","Barrel 5 Bullet 2","Unknowns Bullet 'K'",0.433333333333334,0.5,6,4.5,0.018,0.0208333333333333,0.25,0.185277777777778,"KNM","UKN"
"335","Barrel 5 Bullet 2","Unknowns Bullet 'L'",0.433333333333334,0,8,4.16666666666667,0.0186666666666667,0.00666666666666665,0.333333333333333,0.172222222222222,"KNM","UKN"
"336","Barrel 5 Bullet 2","Unknowns Bullet 'O'",0.966666666666667,0.5,7,4.66666666666667,0.0397777777777778,0.02,0.291666666666667,0.191666666666667,"KNM","UKN"
"337","Barrel 5 Bullet 2","Unknowns Bullet 'P'",0.533333333333333,0.5,6,4.66666666666667,0.0225555555555556,0.0208333333333333,0.25,0.1925,"KNM","UKN"
"338","Barrel 5 Bullet 2","Unknowns Bullet 'S'",0.9,0.5,10,4.83333333333333,0.0376111111111111,0.0241666666666667,0.416666666666667,0.199444444444444,"KNM","UKN"
"339","Barrel 5 Bullet 2","Unknowns Bullet 'T'",1.16666666666667,1,7,5.16666666666667,0.0472777777777778,0.0408333333333333,0.291666666666667,0.211944444444444,"KNM","UKN"
"340","Barrel 5 Bullet 2","Unknowns Bullet 'U'",1.36666666666667,1,9,5.33333333333333,0.056,0.04,0.375,0.219444444444444,"KNM","UKN"
"341","Barrel 5 Bullet 2","Unknowns Bullet 'X'",1.03333333333333,1,7,4.83333333333333,0.0418888888888889,0.0441666666666667,0.28,0.198055555555556,"KNM","UKN"
"342","Barrel 5 Bullet 2","Unknowns Bullet 'Y'",0.6,0.5,7,4.5,0.0246111111111111,0.0166666666666667,0.291666666666667,0.185,"KNM","UKN"
"343","Barrel 6 Bullet 1","Barrel 6 Bullet 2",11.0666666666667,11.5,20,15.6666666666667,0.459562801932367,0.482210144927536,0.833333333333333,0.649830917874396,"KM","KM"
"344","Barrel 6 Bullet 1","Barrel 7 Bullet 1",0.566666666666666,0.5,7,4.83333333333333,0.0234444444444444,0.0244565217391305,0.28,0.19981884057971,"KNM","KNM"
"345","Barrel 6 Bullet 1","Barrel 7 Bullet 2",0.466666666666667,1,6,4.5,0.0191521739130435,0.0375,0.25,0.185905797101449,"KNM","KNM"
"346","Barrel 6 Bullet 1","Barrel 8 Bullet 1",0.64,1,8,4.8,0.0291768115942029,0.04,0.333333333333333,0.201202898550725,"KNM","KNM"
"347","Barrel 6 Bullet 1","Barrel 8 Bullet 2",0.933333333333334,1.5,10,5,0.0391594202898551,0.0575,0.4,0.207367149758454,"KNM","KNM"
"348","Barrel 6 Bullet 1","Barrel 9 Bullet 1",1.33333333333333,1.5,9,5.83333333333333,0.0547512077294686,0.0679347826086956,0.375,0.241533816425121,"KNM","KNM"
"349","Barrel 6 Bullet 1","Barrel 9 Bullet 2",1.2,1.5,9,5.33333333333333,0.0505024154589372,0.0608333333333334,0.375,0.221256038647343,"KNM","KNM"
"350","Barrel 6 Bullet 1","Unknowns Bullet 'E'",0.44,1,7,4.8,0.0175826086956522,0.0333333333333334,0.291666666666667,0.198086956521739,"KNM","UKN"
"351","Barrel 6 Bullet 1","Unknowns Bullet 'F'",1.06666666666667,1,8,5.33333333333333,0.0438719806763285,0.0461956521739131,0.32,0.220398550724638,"KNM","UKN"
"352","Barrel 6 Bullet 1","Unknowns Bullet 'G'",9.16666666666667,10.5,16,13.3333333333333,0.379205314009662,0.425,0.666666666666667,0.552028985507246,"KM","UKN"
"353","Barrel 6 Bullet 1","Unknowns Bullet 'H'",0.300000000000001,0.5,7,4.66666666666667,0.0122971014492754,0.0202898550724638,0.291666666666667,0.192596618357488,"KNM","UKN"
"354","Barrel 6 Bullet 1","Unknowns Bullet 'I'",1,2,9,5.4,0.0419217391304348,0.0733333333333333,0.375,0.224086956521739,"KNM","UKN"
"355","Barrel 6 Bullet 1","Unknowns Bullet 'J'",0.533333333333333,0.5,7,4.66666666666667,0.0219903381642512,0.0202898550724638,0.304347826086957,0.193152173913043,"KNM","UKN"
"356","Barrel 6 Bullet 1","Unknowns Bullet 'K'",0.7,1,9,5,0.0287584541062802,0.0375,0.36,0.206739130434783,"KNM","UKN"
"357","Barrel 6 Bullet 1","Unknowns Bullet 'L'",1,1,7,4.66666666666667,0.0415289855072464,0.0441666666666667,0.291666666666667,0.193454106280193,"KNM","UKN"
"358","Barrel 6 Bullet 1","Unknowns Bullet 'O'",0.433333333333333,0,8,4.33333333333333,0.0177995169082126,0.00028985507246379,0.333333333333333,0.17951690821256,"KNM","UKN"
"359","Barrel 6 Bullet 1","Unknowns Bullet 'P'",0.7,1,7,5,0.029316425120773,0.0416666666666667,0.291666666666667,0.207065217391304,"KNM","UKN"
"360","Barrel 6 Bullet 1","Unknowns Bullet 'S'",0.833333333333333,1.5,8,5.33333333333333,0.034487922705314,0.0552536231884058,0.333333333333333,0.220700483091787,"KNM","UKN"
"361","Barrel 6 Bullet 1","Unknowns Bullet 'T'",1.16666666666667,0.5,9,5.33333333333333,0.0483526570048309,0.0253623188405797,0.375,0.220954106280193,"KNM","UKN"
"362","Barrel 6 Bullet 1","Unknowns Bullet 'U'",0.6,1,6,4.83333333333333,0.0251304347826087,0.0375,0.25,0.200398550724638,"KNM","UKN"
"363","Barrel 6 Bullet 1","Unknowns Bullet 'X'",0.6,1,6,4.83333333333333,0.0248526570048309,0.0375,0.25,0.20012077294686,"KNM","UKN"
"364","Barrel 6 Bullet 1","Unknowns Bullet 'Y'",12.9,13.5,21,17.3333333333333,0.53274154589372,0.5475,0.875,0.716171497584541,"KM","UKN"
"365","Barrel 6 Bullet 2","Barrel 7 Bullet 1",1,1,7,5,0.0416666666666667,0.0416666666666667,0.291666666666667,0.208333333333333,"KNM","KNM"
"366","Barrel 6 Bullet 2","Barrel 7 Bullet 2",0.5,0.5,7,4.66666666666667,0.0208333333333333,0.0208333333333333,0.291666666666667,0.194444444444444,"KNM","KNM"
"367","Barrel 6 Bullet 2","Barrel 8 Bullet 1",1.32,1,9,5.4,0.055,0.0416666666666667,0.375,0.225,"KNM","KNM"
"368","Barrel 6 Bullet 2","Barrel 8 Bullet 2",0.5,1,8,4.66666666666667,0.0208333333333333,0.0416666666666667,0.333333333333333,0.194444444444444,"KNM","KNM"
"369","Barrel 6 Bullet 2","Barrel 9 Bullet 1",0.5,0.5,6,4.5,0.0208333333333333,0.0208333333333333,0.25,0.1875,"KNM","KNM"
"370","Barrel 6 Bullet 2","Barrel 9 Bullet 2",0.766666666666667,0.5,8,4.83333333333333,0.0319444444444444,0.0208333333333333,0.333333333333333,0.201388888888889,"KNM","KNM"
"371","Barrel 6 Bullet 2","Unknowns Bullet 'E'",1.88,2,9,6.4,0.0783333333333333,0.0833333333333333,0.375,0.266666666666667,"KNM","UKN"
"372","Barrel 6 Bullet 2","Unknowns Bullet 'F'",0.933333333333334,1.5,7,5.16666666666667,0.0388888888888889,0.0625,0.291666666666667,0.215277777777778,"KNM","UKN"
"373","Barrel 6 Bullet 2","Unknowns Bullet 'G'",9.26666666666667,8.5,23,13.6666666666667,0.386111111111111,0.354166666666667,0.958333333333333,0.569444444444444,"KM","UKN"
"374","Barrel 6 Bullet 2","Unknowns Bullet 'H'",1.16666666666667,1.5,8,5.66666666666667,0.0486111111111111,0.0625,0.333333333333333,0.236111111111111,"KNM","UKN"
"375","Barrel 6 Bullet 2","Unknowns Bullet 'I'",0.84,1,7,4.8,0.035,0.0416666666666667,0.291666666666667,0.2,"KNM","UKN"
"376","Barrel 6 Bullet 2","Unknowns Bullet 'J'",0.633333333333333,0,6,4.33333333333333,0.0263888888888889,0,0.25,0.180555555555556,"KNM","UKN"
"377","Barrel 6 Bullet 2","Unknowns Bullet 'K'",0.7,1,6,4.5,0.0291666666666667,0.0416666666666667,0.25,0.1875,"KNM","UKN"
"378","Barrel 6 Bullet 2","Unknowns Bullet 'L'",0.566666666666667,0.5,6,4.5,0.0236111111111111,0.0208333333333333,0.25,0.1875,"KNM","UKN"
"379","Barrel 6 Bullet 2","Unknowns Bullet 'O'",0.666666666666667,1,6,4.66666666666667,0.0277777777777778,0.0416666666666667,0.25,0.194444444444444,"KNM","UKN"
"380","Barrel 6 Bullet 2","Unknowns Bullet 'P'",0.3,0.5,8,4.33333333333333,0.0125,0.0208333333333333,0.333333333333333,0.180555555555556,"KNM","UKN"
"381","Barrel 6 Bullet 2","Unknowns Bullet 'S'",0.6,1,6,4.83333333333333,0.025,0.0416666666666667,0.25,0.201388888888889,"KNM","UKN"
"382","Barrel 6 Bullet 2","Unknowns Bullet 'T'",0.466666666666667,0.5,7,4.66666666666667,0.0194444444444445,0.0208333333333333,0.291666666666667,0.194444444444444,"KNM","UKN"
"383","Barrel 6 Bullet 2","Unknowns Bullet 'U'",0.4,1,7,5,0.0166666666666667,0.0416666666666667,0.291666666666667,0.208333333333333,"KNM","UKN"
"384","Barrel 6 Bullet 2","Unknowns Bullet 'X'",0.933333333333334,0.5,7,4.66666666666667,0.0388888888888889,0.0208333333333333,0.291666666666667,0.194444444444444,"KNM","UKN"
"385","Barrel 6 Bullet 2","Unknowns Bullet 'Y'",10.8333333333333,12.5,20,15.3333333333333,0.451388888888889,0.520833333333333,0.833333333333333,0.638888888888889,"KM","UKN"
"386","Barrel 7 Bullet 1","Barrel 7 Bullet 2",12.2,14,23,16.1666666666667,0.5256038647343,0.590579710144928,1,0.696859903381642,"KM","KM"
"387","Barrel 7 Bullet 1","Barrel 8 Bullet 1",0.36,0,5,4.2,0.0156521739130435,0,0.217391304347826,0.181521739130435,"KNM","KNM"
"388","Barrel 7 Bullet 1","Barrel 8 Bullet 2",0.366666666666666,0.5,7,4.33333333333333,0.0158816425120773,0.0172101449275363,0.304347826086957,0.18719806763285,"KNM","KNM"
"389","Barrel 7 Bullet 1","Barrel 9 Bullet 1",0.666666666666667,0.5,8,4.5,0.0292874396135266,0.0253623188405797,0.347826086956522,0.194746376811594,"KNM","KNM"
"390","Barrel 7 Bullet 1","Barrel 9 Bullet 2",0.933333333333333,0.5,7,4.83333333333333,0.0405797101449275,0.0253623188405797,0.304347826086957,0.208937198067633,"KNM","KNM"
"391","Barrel 7 Bullet 1","Unknowns Bullet 'E'",8,8,17,12,0.34463768115942,0.326086956521739,0.739130434782609,0.517391304347826,"KM","UKN"
"392","Barrel 7 Bullet 1","Unknowns Bullet 'F'",0.566666666666667,0.5,7,4.5,0.0240338164251208,0.0217391304347826,0.304347826086957,0.193840579710145,"KNM","UKN"
"393","Barrel 7 Bullet 1","Unknowns Bullet 'G'",0.166666666666667,0.5,7,4.16666666666667,0.00760869565217392,0.0172101449275363,0.291666666666667,0.180253623188406,"KNM","UKN"
"394","Barrel 7 Bullet 1","Unknowns Bullet 'H'",0.5,0,8,4.33333333333333,0.0219202898550725,0.00362318840579712,0.347826086956522,0.18719806763285,"KNM","UKN"
"395","Barrel 7 Bullet 1","Unknowns Bullet 'I'",1.4,1,6,5,0.0601449275362319,0.0416666666666667,0.260869565217391,0.215579710144928,"KNM","UKN"
"396","Barrel 7 Bullet 1","Unknowns Bullet 'J'",0.4,0.5,5,4.16666666666667,0.0170893719806763,0.0172101449275363,0.217391304347826,0.179649758454106,"KNM","UKN"
"397","Barrel 7 Bullet 1","Unknowns Bullet 'K'",0.566666666666666,1,7,4.33333333333333,0.0239734299516908,0.042572463768116,0.304347826086957,0.186594202898551,"KNM","UKN"
"398","Barrel 7 Bullet 1","Unknowns Bullet 'L'",0.533333333333333,0.5,7,4.5,0.0230072463768116,0.0217391304347826,0.304347826086957,0.194444444444444,"KNM","UKN"
"399","Barrel 7 Bullet 1","Unknowns Bullet 'O'",1.03333333333333,0.5,7,4.66666666666667,0.0442028985507247,0.0289855072463768,0.304347826086957,0.201086956521739,"KNM","UKN"
"400","Barrel 7 Bullet 1","Unknowns Bullet 'P'",0.333333333333333,0.5,7,4.16666666666667,0.0141908212560387,0.0244565217391305,0.304347826086957,0.179649758454106,"KNM","UKN"
"401","Barrel 7 Bullet 1","Unknowns Bullet 'S'",0.4,1,7,4.66666666666667,0.0173309178743961,0.0389492753623188,0.304347826086957,0.201388888888889,"KNM","UKN"
"402","Barrel 7 Bullet 1","Unknowns Bullet 'T'",1.03333333333333,1,7,4.66666666666667,0.0449275362318841,0.0507246376811594,0.304347826086957,0.201690821256039,"KNM","UKN"
"403","Barrel 7 Bullet 1","Unknowns Bullet 'U'",9.13333333333333,11,18,13.1666666666667,0.393961352657005,0.469202898550725,0.782608695652174,0.568236714975845,"KM","UKN"
"404","Barrel 7 Bullet 1","Unknowns Bullet 'X'",8.33333333333333,9.5,18,12.1666666666667,0.360809178743961,0.41304347826087,0.782608695652174,0.526268115942029,"KM","UKN"
"405","Barrel 7 Bullet 1","Unknowns Bullet 'Y'",0.7,0,6,4.5,0.0304347826086957,0,0.260869565217391,0.194444444444444,"KNM","UKN"
"406","Barrel 7 Bullet 2","Barrel 8 Bullet 1",0.399999999999999,1,8,4.6,0.0171014492753623,0.0416666666666667,0.333333333333333,0.194202898550725,"KNM","KNM"
"407","Barrel 7 Bullet 2","Barrel 8 Bullet 2",0.733333333333334,0.5,7,4.66666666666667,0.0308574879227053,0.0244565217391305,0.291666666666667,0.197161835748792,"KNM","KNM"
"408","Barrel 7 Bullet 2","Barrel 9 Bullet 1",1.2,1,8,5.16666666666667,0.0503623188405797,0.0507246376811594,0.333333333333333,0.217995169082126,"KNM","KNM"
"409","Barrel 7 Bullet 2","Barrel 9 Bullet 2",0.666666666666667,0.5,6,4.66666666666667,0.0283816425120773,0.0244565217391305,0.260869565217391,0.197463768115942,"KNM","KNM"
"410","Barrel 7 Bullet 2","Unknowns Bullet 'E'",10.68,10,18,14.6,0.448115942028985,0.416666666666667,0.75,0.614130434782609,"KM","UKN"
"411","Barrel 7 Bullet 2","Unknowns Bullet 'F'",0.333333333333333,0,7,4.33333333333333,0.0132850241545894,0.00362318840579709,0.291666666666667,0.182669082125604,"KNM","UKN"
"412","Barrel 7 Bullet 2","Unknowns Bullet 'G'",1.1,1,7,5,0.0466183574879227,0.0416666666666667,0.304347826086957,0.211352657004831,"KNM","UKN"
"413","Barrel 7 Bullet 2","Unknowns Bullet 'H'",1.06666666666667,1.5,7,5.33333333333333,0.0458333333333333,0.0606884057971014,0.304347826086957,0.226147342995169,"KNM","UKN"
"414","Barrel 7 Bullet 2","Unknowns Bullet 'I'",0.96,1,9,5,0.0406521739130435,0.0416666666666667,0.375,0.211231884057971,"KNM","UKN"
"415","Barrel 7 Bullet 2","Unknowns Bullet 'J'",0.866666666666667,1,6,4.66666666666667,0.0363526570048309,0.0416666666666667,0.25,0.196859903381642,"KNM","UKN"
"416","Barrel 7 Bullet 2","Unknowns Bullet 'K'",0.7,1,7,4.5,0.0301932367149758,0.0416666666666667,0.291666666666667,0.190821256038647,"KNM","UKN"
"417","Barrel 7 Bullet 2","Unknowns Bullet 'L'",0.5,0,8,4.5,0.0217391304347826,0.00362318840579709,0.347826086956522,0.191123188405797,"KNM","UKN"
"418","Barrel 7 Bullet 2","Unknowns Bullet 'O'",0.5,0.5,7,4.5,0.0214975845410628,0.0208333333333333,0.304347826086957,0.190821256038647,"KNM","UKN"
"419","Barrel 7 Bullet 2","Unknowns Bullet 'P'",0.733333333333333,0,7,4.5,0.0307971014492754,0.00362318840579709,0.291666666666667,0.190217391304348,"KNM","UKN"
"420","Barrel 7 Bullet 2","Unknowns Bullet 'S'",0.6,0.5,7,4.83333333333333,0.0257246376811594,0.0244565217391305,0.304347826086957,0.204710144927536,"KNM","UKN"
"421","Barrel 7 Bullet 2","Unknowns Bullet 'T'",0.766666666666667,1,6,4.66666666666667,0.0330314009661836,0.0416666666666667,0.260869565217391,0.198067632850242,"KNM","UKN"
"422","Barrel 7 Bullet 2","Unknowns Bullet 'U'",10.8666666666667,11,20,15,0.459420289855072,0.468297101449275,0.833333333333333,0.634359903381642,"KM","UKN"
"423","Barrel 7 Bullet 2","Unknowns Bullet 'X'",10.2,12,17,14.1666666666667,0.431642512077295,0.510869565217391,0.708333333333333,0.59963768115942,"KM","UKN"
"424","Barrel 7 Bullet 2","Unknowns Bullet 'Y'",0.933333333333334,1,8,5.16666666666667,0.0410024154589372,0.0416666666666667,0.347826086956522,0.219806763285024,"KNM","UKN"
"425","Barrel 8 Bullet 1","Barrel 8 Bullet 2",8,7,24,12.2,0.324886956521739,0.318260869565217,0.96,0.496985507246377,"KM","KM"
"426","Barrel 8 Bullet 1","Barrel 9 Bullet 1",0.36,1,6,4.2,0.0161188405797102,0.0434782608695652,0.25,0.173144927536232,"KNM","KNM"
"427","Barrel 8 Bullet 1","Barrel 9 Bullet 2",1.12,2,7,5.4,0.0459014492753623,0.0660869565217391,0.28,0.221840579710145,"KNM","KNM"
"428","Barrel 8 Bullet 1","Unknowns Bullet 'E'",0.607142857142857,1,7,4.75,0.0254183919944789,0.0469565217391304,0.28,0.194728260869565,"KNM","UKN"
"429","Barrel 8 Bullet 1","Unknowns Bullet 'F'",11.88,13,19,16.2,0.489979710144928,0.52,0.826086956521739,0.666550724637681,"KM","UKN"
"430","Barrel 8 Bullet 1","Unknowns Bullet 'G'",1.04,1,7,5,0.0433362318840579,0.0573913043478261,0.28,0.205144927536232,"KNM","UKN"
"431","Barrel 8 Bullet 1","Unknowns Bullet 'H'",1.08,0,9,5,0.0471623188405797,0.0139130434782609,0.391304347826087,0.207594202898551,"KNM","UKN"
"432","Barrel 8 Bullet 1","Unknowns Bullet 'I'",0.452380952380953,0.5,7,4.5,0.019981884057971,0.0269565217391304,0.28,0.185561594202899,"KNM","UKN"
"433","Barrel 8 Bullet 1","Unknowns Bullet 'J'",1.16,3,7,5.6,0.0484695652173913,0.106086956521739,0.28,0.229840579710145,"KNM","UKN"
"434","Barrel 8 Bullet 1","Unknowns Bullet 'K'",0.72,1,9,4.6,0.0313101449275363,0.0295652173913044,0.36,0.189869565217391,"KNM","UKN"
"435","Barrel 8 Bullet 1","Unknowns Bullet 'L'",0.6,0,6,4.2,0.0254521739130435,0.036231884057971,0.24,0.172811594202899,"KNM","UKN"
"436","Barrel 8 Bullet 1","Unknowns Bullet 'O'",0.44,1,6,3.8,0.0174260869565217,0.04,0.260869565217391,0.155753623188406,"KNM","UKN"
"437","Barrel 8 Bullet 1","Unknowns Bullet 'P'",0.92,1,7,5.2,0.0375507246376812,0.0416666666666667,0.28,0.212449275362319,"KNM","UKN"
"438","Barrel 8 Bullet 1","Unknowns Bullet 'S'",0.880000000000001,1,8,5.4,0.0359623188405797,0.0260869565217391,0.32,0.220115942028986,"KNM","UKN"
"439","Barrel 8 Bullet 1","Unknowns Bullet 'T'",0.48,0,6,4.4,0.0197797101449275,0.00666666666666665,0.25,0.180478260869565,"KNM","UKN"
"440","Barrel 8 Bullet 1","Unknowns Bullet 'U'",0.96,2,9,5.2,0.0372260869565217,0.08,0.36,0.210391304347826,"KNM","UKN"
"441","Barrel 8 Bullet 1","Unknowns Bullet 'X'",1.56,1,11,5.6,0.0623884057971014,0.04,0.44,0.227753623188406,"KNM","UKN"
"442","Barrel 8 Bullet 1","Unknowns Bullet 'Y'",0.52,0,8,4.4,0.0221420289855073,0.0139130434782609,0.32,0.180478260869565,"KNM","UKN"
"443","Barrel 8 Bullet 2","Barrel 9 Bullet 1",0.633333333333334,1,7,4.66666666666667,0.0313703703703704,0.0344202898550725,0.304347826086957,0.211972624798712,"KNM","KNM"
"444","Barrel 8 Bullet 2","Barrel 9 Bullet 2",1.1,1,7,5.33333333333333,0.0500515297906602,0.0198067632850241,0.35,0.240768921095008,"KNM","KNM"
"445","Barrel 8 Bullet 2","Unknowns Bullet 'E'",2.08,2,7,6.2,0.0949449275362319,0.106086956521739,0.3,0.279888888888889,"KNM","UKN"
"446","Barrel 8 Bullet 2","Unknowns Bullet 'F'",7.43333333333333,6,20,11.8333333333333,0.323674718196457,0.286111111111111,0.8,0.522785829307568,"KM","UKN"
"447","Barrel 8 Bullet 2","Unknowns Bullet 'G'",0.6,0,7,4.5,0.0260764895330113,0.0366666666666667,0.3,0.202737520128824,"KNM","UKN"
"448","Barrel 8 Bullet 2","Unknowns Bullet 'H'",0.433333333333334,0.5,6,4.5,0.0197262479871176,0.0375,0.277777777777778,0.203522544283414,"KNM","UKN"
"449","Barrel 8 Bullet 2","Unknowns Bullet 'I'",0.84,1,7,4.8,0.0338541062801932,0.0483091787439613,0.304347826086957,0.212314009661836,"KNM","UKN"
"450","Barrel 8 Bullet 2","Unknowns Bullet 'J'",0.933333333333333,0.5,7,4.83333333333333,0.040365539452496,0.0244565217391305,0.3,0.215929951690821,"KNM","UKN"
"451","Barrel 8 Bullet 2","Unknowns Bullet 'K'",1.56666666666667,2,8,5.5,0.0678260869565218,0.105978260869565,0.32,0.244033816425121,"KNM","UKN"
"452","Barrel 8 Bullet 2","Unknowns Bullet 'L'",0.4,0,6,4.16666666666667,0.0224307568438003,0.0202898550724638,0.333333333333333,0.192041062801932,"KNM","UKN"
"453","Barrel 8 Bullet 2","Unknowns Bullet 'O'",0.7,1,6,4.66666666666667,0.0308478260869565,0.0458937198067633,0.277777777777778,0.211324476650564,"KNM","UKN"
"454","Barrel 8 Bullet 2","Unknowns Bullet 'P'",0.4,1,7,4.66666666666667,0.0222117552334944,0.0380434782608696,0.291666666666667,0.212479871175523,"KNM","UKN"
"455","Barrel 8 Bullet 2","Unknowns Bullet 'S'",1.4,2,8,5.66666666666667,0.0627431561996779,0.0630434782608696,0.333333333333333,0.254774557165862,"KNM","UKN"
"456","Barrel 8 Bullet 2","Unknowns Bullet 'T'",0.5,0,6,4.33333333333333,0.0276843800322061,0.0166666666666667,0.333333333333333,0.19951690821256,"KNM","UKN"
"457","Barrel 8 Bullet 2","Unknowns Bullet 'U'",1.3,2.5,10,5.33333333333333,0.0619661835748792,0.100555555555556,0.416666666666667,0.240789049919485,"KNM","UKN"
"458","Barrel 8 Bullet 2","Unknowns Bullet 'X'",1.06666666666667,1.5,8,5.16666666666667,0.048768921095008,0.0658212560386474,0.333333333333333,0.232689210950081,"KNM","UKN"
"459","Barrel 8 Bullet 2","Unknowns Bullet 'Y'",1.4,1,9,5.33333333333333,0.0686151368760065,0.0575,0.45,0.245837359098229,"KNM","UKN"
"460","Barrel 9 Bullet 1","Barrel 9 Bullet 2",10.6,11,22,14.5,0.443580808080808,0.458333333333333,0.88,0.605934343434343,"KM","KM"
"461","Barrel 9 Bullet 1","Unknowns Bullet 'E'",0.72,1,8,5.6,0.0326,0.05,0.333333333333333,0.235878787878788,"KNM","UKN"
"462","Barrel 9 Bullet 1","Unknowns Bullet 'F'",0.0999999999999996,1,7,4.5,0.00425252525252526,0.0299242424242424,0.291666666666667,0.188156565656566,"KNM","UKN"
"463","Barrel 9 Bullet 1","Unknowns Bullet 'G'",0.8,0.5,10,4.83333333333333,0.0308282828282828,0.0284090909090909,0.4,0.199116161616162,"KNM","UKN"
"464","Barrel 9 Bullet 1","Unknowns Bullet 'H'",0.7,1,8,5.16666666666667,0.0267828282828283,0.0340909090909091,0.363636363636364,0.213282828282828,"KNM","UKN"
"465","Barrel 9 Bullet 1","Unknowns Bullet 'I'",1,1,7,5.2,0.0446848484848485,0.0416666666666667,0.291666666666667,0.219878787878788,"KNM","UKN"
"466","Barrel 9 Bullet 1","Unknowns Bullet 'J'",0.7,1.5,8,5.16666666666667,0.0307929292929293,0.0473484848484849,0.333333333333333,0.216843434343434,"KNM","UKN"
"467","Barrel 9 Bullet 1","Unknowns Bullet 'K'",1.23333333333333,2,8,5.5,0.0506262626262626,0.0766666666666667,0.363636363636364,0.228989898989899,"KNM","UKN"
"468","Barrel 9 Bullet 1","Unknowns Bullet 'L'",0.266666666666667,0,9,4.5,0.0117474747474747,0.0075757575757576,0.375,0.187727272727273,"KNM","UKN"
"469","Barrel 9 Bullet 1","Unknowns Bullet 'O'",0.366666666666666,0,8,4.5,0.0153030303030303,0.00666666666666665,0.363636363636364,0.188080808080808,"KNM","UKN"
"470","Barrel 9 Bullet 1","Unknowns Bullet 'P'",0.5,1,7,4.83333333333333,0.0214393939393939,0.0375,0.291666666666667,0.202676767676768,"KNM","UKN"
"471","Barrel 9 Bullet 1","Unknowns Bullet 'S'",1.13333333333333,1.5,8,5.33333333333333,0.0482121212121212,0.0575,0.333333333333333,0.223585858585859,"KNM","UKN"
"472","Barrel 9 Bullet 1","Unknowns Bullet 'T'",13.5333333333333,14.5,19,17.6666666666667,0.564373737373737,0.59969696969697,0.791666666666667,0.736565656565657,"KM","UKN"
"473","Barrel 9 Bullet 1","Unknowns Bullet 'U'",0.8,1,7,5.33333333333333,0.0341060606060606,0.0332575757575758,0.291666666666667,0.223232323232323,"KNM","UKN"
"474","Barrel 9 Bullet 1","Unknowns Bullet 'X'",0.633333333333334,1,8,5,0.0289444444444444,0.0375,0.363636363636364,0.210606060606061,"KNM","UKN"
"475","Barrel 9 Bullet 1","Unknowns Bullet 'Y'",0.766666666666667,1.5,7,5.16666666666667,0.0310353535353535,0.0533333333333333,0.318181818181818,0.214747474747475,"KNM","UKN"
"476","Barrel 9 Bullet 2","Unknowns Bullet 'E'",0.88,1,7,5,0.0358173913043479,0.0333333333333334,0.304347826086957,0.206202898550725,"KNM","UKN"
"477","Barrel 9 Bullet 2","Unknowns Bullet 'F'",0.366666666666666,0.5,6,4.33333333333333,0.0155386473429952,0.0269565217391304,0.25,0.179359903381643,"KNM","UKN"
"478","Barrel 9 Bullet 2","Unknowns Bullet 'G'",0.8,0.5,7,5,0.0344710144927536,0.0166666666666667,0.304347826086957,0.20804347826087,"KNM","UKN"
"479","Barrel 9 Bullet 2","Unknowns Bullet 'H'",1.36666666666667,0.5,13,5.66666666666667,0.0591473429951691,0.0323188405797101,0.565217391304348,0.237053140096618,"KNM","UKN"
"480","Barrel 9 Bullet 2","Unknowns Bullet 'I'",1.24,1,7,5.4,0.053231884057971,0.0507246376811594,0.291666666666667,0.225289855072464,"KNM","UKN"
"481","Barrel 9 Bullet 2","Unknowns Bullet 'J'",0.9,1,6,5,0.0375386473429952,0.0573913043478261,0.260869565217391,0.207463768115942,"KNM","UKN"
"482","Barrel 9 Bullet 2","Unknowns Bullet 'K'",1.1,0.5,10,5,0.0458478260869565,0.0241666666666667,0.416666666666667,0.207415458937198,"KNM","UKN"
"483","Barrel 9 Bullet 2","Unknowns Bullet 'L'",1.2,1,9,5.5,0.0508985507246377,0.0434782608695652,0.36,0.229227053140097,"KNM","UKN"
"484","Barrel 9 Bullet 2","Unknowns Bullet 'O'",0.533333333333333,0.5,7,4.66666666666667,0.0205265700483092,0.00971014492753625,0.28,0.191835748792271,"KNM","UKN"
"485","Barrel 9 Bullet 2","Unknowns Bullet 'P'",0.666666666666666,1,7,4.83333333333333,0.0271714975845411,0.0441666666666667,0.28,0.19963768115942,"KNM","UKN"
"486","Barrel 9 Bullet 2","Unknowns Bullet 'S'",0.5,1,8,4.66666666666667,0.0203091787439613,0.04,0.347826086956522,0.193526570048309,"KNM","UKN"
"487","Barrel 9 Bullet 2","Unknowns Bullet 'T'",12.6666666666667,15,21,16.8333333333333,0.522997584541063,0.631304347826087,0.84,0.695700483091787,"KM","UKN"
"488","Barrel 9 Bullet 2","Unknowns Bullet 'U'",0.933333333333334,1,9,5.16666666666667,0.0376159420289855,0.0297101449275363,0.36,0.212693236714976,"KNM","UKN"
"489","Barrel 9 Bullet 2","Unknowns Bullet 'X'",0.766666666666667,1.5,8,5.16666666666667,0.0328695652173913,0.0575,0.347826086956522,0.214432367149758,"KNM","UKN"
"490","Barrel 9 Bullet 2","Unknowns Bullet 'Y'",0.766666666666667,1,9,5,0.0329710144927536,0.0338768115942029,0.36,0.207765700483092,"KNM","UKN"
"491","Unknowns Bullet 'E'","Unknowns Bullet 'F'",0.88,1,8,5,0.035504347826087,0.0416666666666667,0.347826086956522,0.207782608695652,"KNM","UKN"
"492","Unknowns Bullet 'E'","Unknowns Bullet 'G'",1.2,1,7,5,0.0508927536231884,0.0333333333333334,0.304347826086957,0.209202898550725,"KNM","UKN"
"493","Unknowns Bullet 'E'","Unknowns Bullet 'H'",0.84,1,7,5.2,0.0353014492753623,0.05,0.28,0.217173913043478,"KNM","UKN"
"494","Unknowns Bullet 'E'","Unknowns Bullet 'I'",0.404761904761905,0.5,8,4.5,0.0144910282953761,0.0175,0.333333333333333,0.185833333333333,"KNM","UKN"
"495","Unknowns Bullet 'E'","Unknowns Bullet 'J'",1.44,1,8,5.2,0.0609130434782608,0.0483333333333333,0.333333333333333,0.217478260869565,"KNM","UKN"
"496","Unknowns Bullet 'E'","Unknowns Bullet 'K'",0.76,2,7,4.4,0.0320811594202899,0.0695652173913044,0.291666666666667,0.183840579710145,"KNM","UKN"
"497","Unknowns Bullet 'E'","Unknowns Bullet 'L'",0.6,1,7,4.6,0.0237942028985507,0.0416666666666667,0.28,0.190782608695652,"KNM","UKN"
"498","Unknowns Bullet 'E'","Unknowns Bullet 'O'",0.72,0,8,4.4,0.0292260869565217,0.00666666666666665,0.333333333333333,0.183086956521739,"KNM","UKN"
"499","Unknowns Bullet 'E'","Unknowns Bullet 'P'",0.64,0,7,4.8,0.0265159420289855,0.00724637681159421,0.291666666666667,0.199753623188406,"KNM","UKN"
"500","Unknowns Bullet 'E'","Unknowns Bullet 'S'",0.6,1,7,4.8,0.0260811594202899,0.0416666666666667,0.304347826086957,0.201202898550725,"KNM","UKN"
"501","Unknowns Bullet 'E'","Unknowns Bullet 'T'",1.12,1,7,5.2,0.0476086956521739,0.0416666666666667,0.304347826086957,0.217536231884058,"KNM","UKN"
"502","Unknowns Bullet 'E'","Unknowns Bullet 'U'",13.08,12,20,17.4,0.545953623188406,0.528985507246377,0.833333333333333,0.725797101449275,"KM","UKN"
"503","Unknowns Bullet 'E'","Unknowns Bullet 'X'",10.92,11,20,15,0.456979710144928,0.485507246376812,0.833333333333333,0.627101449275362,"KM","UKN"
"504","Unknowns Bullet 'E'","Unknowns Bullet 'Y'",0.68,0,7,4.6,0.0282608695652174,0.00724637681159421,0.304347826086957,0.191782608695652,"KNM","UKN"
"505","Unknowns Bullet 'F'","Unknowns Bullet 'G'",0.9,1,7,5.16666666666667,0.038304347826087,0.0384057971014493,0.291666666666667,0.217210144927536,"KNM","UKN"
"506","Unknowns Bullet 'F'","Unknowns Bullet 'H'",1.46666666666667,1.5,8,5.5,0.0607222222222222,0.0547101449275363,0.333333333333333,0.230193236714976,"KNM","UKN"
"507","Unknowns Bullet 'F'","Unknowns Bullet 'I'",0.16,0,7,4.2,0.0088086956521739,0.0139130434782609,0.304347826086957,0.178260869565217,"KNM","UKN"
"508","Unknowns Bullet 'F'","Unknowns Bullet 'J'",0.9,1.5,7,4.83333333333333,0.0382850241545894,0.0583333333333333,0.28,0.203019323671498,"KNM","UKN"
"509","Unknowns Bullet 'F'","Unknowns Bullet 'K'",0.699999999999999,1,10,4.83333333333333,0.029927536231884,0.0420289855072464,0.4,0.202717391304348,"KNM","UKN"
"510","Unknowns Bullet 'F'","Unknowns Bullet 'L'",0.5,0,7,4.5,0.0203574879227053,0.00362318840579709,0.28,0.188574879227053,"KNM","UKN"
"511","Unknowns Bullet 'F'","Unknowns Bullet 'O'",0.433333333333333,0.5,6,4.33333333333333,0.018548309178744,0.0175,0.25,0.182161835748792,"KNM","UKN"
"512","Unknowns Bullet 'F'","Unknowns Bullet 'P'",0.233333333333333,0.5,6,4.33333333333333,0.0101014492753623,0.0244565217391305,0.25,0.18213768115942,"KNM","UKN"
"513","Unknowns Bullet 'F'","Unknowns Bullet 'S'",0.566666666666667,1,6,4.66666666666667,0.023731884057971,0.0416666666666667,0.260869565217391,0.195748792270531,"KNM","UKN"
"514","Unknowns Bullet 'F'","Unknowns Bullet 'T'",0.600000000000001,0.5,7,4.66666666666667,0.0248526570048309,0.0289855072463768,0.291666666666667,0.195495169082126,"KNM","UKN"
"515","Unknowns Bullet 'F'","Unknowns Bullet 'U'",1.13333333333333,1,9,5.33333333333333,0.0470386473429952,0.0461956521739131,0.375,0.222995169082126,"KNM","UKN"
"516","Unknowns Bullet 'F'","Unknowns Bullet 'X'",0.6,0,6,4.5,0.025487922705314,0.0250724637681159,0.260869565217391,0.189106280193237,"KNM","UKN"
"517","Unknowns Bullet 'F'","Unknowns Bullet 'Y'",0.800000000000001,1,6,5.16666666666667,0.0335579710144927,0.0389492753623188,0.260869565217391,0.216932367149758,"KNM","UKN"
"518","Unknowns Bullet 'G'","Unknowns Bullet 'H'",0.600000000000001,1.5,7,5.16666666666667,0.0253526570048309,0.0634057971014493,0.291666666666667,0.214009661835749,"KNM","UKN"
"519","Unknowns Bullet 'G'","Unknowns Bullet 'I'",1.52,1,8,5.6,0.0619739130434783,0.0416666666666667,0.32,0.230449275362319,"KNM","UKN"
"520","Unknowns Bullet 'G'","Unknowns Bullet 'J'",0.4,0,8,4.33333333333333,0.0175845410628019,0.00695652173913042,0.333333333333333,0.18012077294686,"KNM","UKN"
"521","Unknowns Bullet 'G'","Unknowns Bullet 'K'",0.666666666666667,0.5,7,4.5,0.0276111111111111,0.0275,0.28,0.185905797101449,"KNM","UKN"
"522","Unknowns Bullet 'G'","Unknowns Bullet 'L'",0.233333333333334,0,6,4.16666666666667,0.0101207729468599,0.0102898550724637,0.25,0.172874396135266,"KNM","UKN"
"523","Unknowns Bullet 'G'","Unknowns Bullet 'O'",0.566666666666667,1,8,4.66666666666667,0.024012077294686,0.0375,0.333333333333333,0.193478260869565,"KNM","UKN"
"524","Unknowns Bullet 'G'","Unknowns Bullet 'P'",0.866666666666666,1,6,4.83333333333333,0.0360579710144928,0.0366666666666667,0.260869565217391,0.20042270531401,"KNM","UKN"
"525","Unknowns Bullet 'G'","Unknowns Bullet 'S'",0.266666666666667,0.5,8,4.83333333333333,0.0112705314009662,0.0180434782608696,0.32,0.199867149758454,"KNM","UKN"
"526","Unknowns Bullet 'G'","Unknowns Bullet 'T'",0.7,0.5,7,4.66666666666667,0.02843961352657,0.0202898550724638,0.304347826086957,0.192596618357488,"KNM","UKN"
"527","Unknowns Bullet 'G'","Unknowns Bullet 'U'",0.966666666666667,1.5,7,5.16666666666667,0.0405628019323671,0.0533333333333333,0.304347826086957,0.214335748792271,"KNM","UKN"
"528","Unknowns Bullet 'G'","Unknowns Bullet 'X'",0.5,0.5,7,4.66666666666667,0.0195314009661836,0.0166666666666667,0.28,0.19201690821256,"KNM","UKN"
"529","Unknowns Bullet 'G'","Unknowns Bullet 'Y'",10.2,12,20,14.8333333333333,0.424978260869565,0.480253623188406,0.869565217391304,0.616594202898551,"KM","UKN"
"530","Unknowns Bullet 'H'","Unknowns Bullet 'I'",8.68,10,18,13.2,0.361666666666667,0.416666666666667,0.75,0.55,"KM","UKN"
"531","Unknowns Bullet 'H'","Unknowns Bullet 'J'",0.766666666666667,1,6,4.66666666666667,0.0319444444444444,0.0416666666666667,0.25,0.194444444444444,"KNM","UKN"
"532","Unknowns Bullet 'H'","Unknowns Bullet 'K'",0.366666666666666,0,8,4.33333333333333,0.0152777777777778,0,0.333333333333333,0.180555555555556,"KNM","UKN"
"533","Unknowns Bullet 'H'","Unknowns Bullet 'L'",0.266666666666667,0.5,6,4.16666666666667,0.0111111111111111,0.0208333333333333,0.25,0.173611111111111,"KNM","UKN"
"534","Unknowns Bullet 'H'","Unknowns Bullet 'O'",1.33333333333333,1,7,5.16666666666667,0.0555555555555556,0.0416666666666667,0.291666666666667,0.215277777777778,"KNM","UKN"
"535","Unknowns Bullet 'H'","Unknowns Bullet 'P'",0.733333333333333,0,8,5,0.0305555555555555,2.77555756156289e-17,0.333333333333333,0.208333333333333,"KNM","UKN"
"536","Unknowns Bullet 'H'","Unknowns Bullet 'S'",1.5,1.5,7,5.33333333333333,0.0625,0.0625,0.291666666666667,0.222222222222222,"KNM","UKN"
"537","Unknowns Bullet 'H'","Unknowns Bullet 'T'",0.633333333333333,0.5,7,4.5,0.0263888888888889,0.0208333333333333,0.291666666666667,0.1875,"KNM","UKN"
"538","Unknowns Bullet 'H'","Unknowns Bullet 'U'",1.23333333333333,1,7,5.33333333333333,0.0513888888888889,0.0416666666666667,0.291666666666667,0.222222222222222,"KNM","UKN"
"539","Unknowns Bullet 'H'","Unknowns Bullet 'X'",0.766666666666667,0.5,9,4.83333333333333,0.0319444444444444,0.0208333333333333,0.375,0.201388888888889,"KNM","UKN"
"540","Unknowns Bullet 'H'","Unknowns Bullet 'Y'",1.4,1.5,6,5.16666666666667,0.0583333333333333,0.0625,0.25,0.215277777777778,"KNM","UKN"
"541","Unknowns Bullet 'I'","Unknowns Bullet 'J'",1.36,1,8,5.2,0.0577997364953887,0.0507246376811594,0.333333333333333,0.223353096179183,"KNM","UKN"
"542","Unknowns Bullet 'I'","Unknowns Bullet 'K'",1,2,7,4.6,0.041501976284585,0.071969696969697,0.291666666666667,0.196837944664032,"KNM","UKN"
"543","Unknowns Bullet 'I'","Unknowns Bullet 'L'",1.12,1,6,5.2,0.048201581027668,0.0434782608695652,0.260869565217391,0.223682476943347,"KNM","UKN"
"544","Unknowns Bullet 'I'","Unknowns Bullet 'O'",0.88,1,6,4.4,0.0372990777338603,0.0454545454545455,0.260869565217391,0.189229249011858,"KNM","UKN"
"545","Unknowns Bullet 'I'","Unknowns Bullet 'P'",1.88,2,9,5.4,0.0802635046113307,0.0869565217391304,0.375,0.232048748353096,"KNM","UKN"
"546","Unknowns Bullet 'I'","Unknowns Bullet 'S'",0.8,1,8,4.8,0.0348748353096179,0.0344202898550725,0.347826086956522,0.20701581027668,"KNM","UKN"
"547","Unknowns Bullet 'I'","Unknowns Bullet 'T'",1.44,1,8,5.2,0.0642160737812912,0.0507246376811594,0.363636363636364,0.22635046113307,"KNM","UKN"
"548","Unknowns Bullet 'I'","Unknowns Bullet 'U'",1.28,1,8,5.2,0.0562648221343874,0.0606060606060606,0.347826086956522,0.225527009222661,"KNM","UKN"
"549","Unknowns Bullet 'I'","Unknowns Bullet 'X'",0.64,1,7,4.6,0.0276943346508564,0.0416666666666667,0.304347826086957,0.198320158102767,"KNM","UKN"
"550","Unknowns Bullet 'I'","Unknowns Bullet 'Y'",0.44,0,7,4.4,0.0190711462450593,0.0151515151515152,0.304347826086957,0.189986824769433,"KNM","UKN"
"551","Unknowns Bullet 'J'","Unknowns Bullet 'K'",0.8,1,7,4.83333333333333,0.0334444444444444,0.0383333333333334,0.291666666666667,0.200277777777778,"KNM","UKN"
"552","Unknowns Bullet 'J'","Unknowns Bullet 'L'",0.866666666666666,1,7,4.83333333333333,0.0363888888888889,0.0416666666666667,0.291666666666667,0.200555555555556,"KNM","UKN"
"553","Unknowns Bullet 'J'","Unknowns Bullet 'O'",1.93333333333333,2.5,8,5.83333333333333,0.0806111111111111,0.104166666666667,0.333333333333333,0.242222222222222,"KNM","UKN"
"554","Unknowns Bullet 'J'","Unknowns Bullet 'P'",8.2,9,17,12.5,0.338888888888889,0.363333333333333,0.708333333333333,0.516944444444444,"KM","UKN"
"555","Unknowns Bullet 'J'","Unknowns Bullet 'S'",1.36666666666667,1.5,9,5.66666666666667,0.0567222222222222,0.0583333333333333,0.375,0.234722222222222,"KNM","UKN"
"556","Unknowns Bullet 'J'","Unknowns Bullet 'T'",0.733333333333334,1.5,9,4.66666666666667,0.0302222222222222,0.0583333333333333,0.375,0.193055555555556,"KNM","UKN"
"557","Unknowns Bullet 'J'","Unknowns Bullet 'U'",0.7,0.5,7,4.66666666666667,0.0293888888888889,0.0208333333333333,0.28,0.193333333333333,"KNM","UKN"
"558","Unknowns Bullet 'J'","Unknowns Bullet 'X'",0.833333333333333,0.5,10,5,0.0330555555555556,0.0166666666666667,0.4,0.205555555555556,"KNM","UKN"
"559","Unknowns Bullet 'J'","Unknowns Bullet 'Y'",0.6,0.5,7,4.83333333333333,0.0246666666666667,0.0208333333333333,0.291666666666667,0.2,"KNM","UKN"
"560","Unknowns Bullet 'K'","Unknowns Bullet 'L'",0.533333333333333,0.5,8,4.5,0.0214444444444445,0.02,0.32,0.182222222222222,"KNM","UKN"
"561","Unknowns Bullet 'K'","Unknowns Bullet 'O'",0.233333333333333,0,5,4,0.00977777777777777,0,0.208333333333333,0.1625,"KNM","UKN"
"562","Unknowns Bullet 'K'","Unknowns Bullet 'P'",0.733333333333333,0,8,4.5,0.0292777777777778,0.00666666666666665,0.32,0.181666666666667,"KNM","UKN"
"563","Unknowns Bullet 'K'","Unknowns Bullet 'S'",0.566666666666667,1,6,4.5,0.0227777777777778,0.0366666666666667,0.24,0.182222222222222,"KNM","UKN"
"564","Unknowns Bullet 'K'","Unknowns Bullet 'T'",0.566666666666667,1,6,4.66666666666667,0.0226666666666667,0.04,0.25,0.188888888888889,"KNM","UKN"
"565","Unknowns Bullet 'K'","Unknowns Bullet 'U'",0.100000000000001,0.5,7,4.16666666666667,0.00383333333333333,0.0233333333333333,0.291666666666667,0.168888888888889,"KNM","UKN"
"566","Unknowns Bullet 'K'","Unknowns Bullet 'X'",1.4,0.5,8,5.16666666666667,0.0575,0.0241666666666667,0.333333333333333,0.210277777777778,"KNM","UKN"
"567","Unknowns Bullet 'K'","Unknowns Bullet 'Y'",0.833333333333333,1,8,4.83333333333333,0.0343888888888889,0.04,0.333333333333333,0.196388888888889,"KNM","UKN"
"568","Unknowns Bullet 'L'","Unknowns Bullet 'O'",1.26666666666667,1,6,4.83333333333333,0.0549085576259489,0.056547619047619,0.260869565217391,0.208160800552105,"KNM","UKN"
"569","Unknowns Bullet 'L'","Unknowns Bullet 'P'",0.566666666666666,0,6,4.33333333333333,0.023792270531401,0.00362318840579709,0.25,0.185731538992409,"KNM","UKN"
"570","Unknowns Bullet 'L'","Unknowns Bullet 'S'",0.9,0.5,6,4.66666666666667,0.0369996549344375,0.0327380952380953,0.25,0.199318495514148,"KNM","UKN"
"571","Unknowns Bullet 'L'","Unknowns Bullet 'T'",0.566666666666666,0,5,4.33333333333333,0.0235938578329883,0.015527950310559,0.238095238095238,0.185731538992409,"KNM","UKN"
"572","Unknowns Bullet 'L'","Unknowns Bullet 'U'",0.699999999999999,0.5,7,4.83333333333333,0.0315044858523119,0.0327380952380953,0.333333333333333,0.209239130434783,"KNM","UKN"
"573","Unknowns Bullet 'L'","Unknowns Bullet 'X'",0.533333333333333,0.5,7,4.5,0.0245600414078675,0.0208333333333333,0.333333333333333,0.195652173913043,"KNM","UKN"
"574","Unknowns Bullet 'L'","Unknowns Bullet 'Y'",0.833333333333333,0.5,6,4.5,0.0357746721877157,0.0244565217391305,0.25,0.193668046928916,"KNM","UKN"
"575","Unknowns Bullet 'O'","Unknowns Bullet 'P'",0.8,0.5,10,5,0.0314903381642512,0.02,0.4,0.202572463768116,"KNM","UKN"
"576","Unknowns Bullet 'O'","Unknowns Bullet 'S'",0.533333333333333,1,6,4.66666666666667,0.0207584541062802,0.0333333333333334,0.24,0.188937198067633,"KNM","UKN"
"577","Unknowns Bullet 'O'","Unknowns Bullet 'T'",0.9,1,8,5.16666666666667,0.0375144927536232,0.0408333333333333,0.333333333333333,0.211207729468599,"KNM","UKN"
"578","Unknowns Bullet 'O'","Unknowns Bullet 'U'",1.53333333333333,1,7,5.16666666666667,0.0618067632850242,0.0469565217391304,0.28,0.210096618357488,"KNM","UKN"
"579","Unknowns Bullet 'O'","Unknowns Bullet 'X'",0.5,0.5,7,4.66666666666667,0.0209178743961353,0.0202898550724638,0.28,0.190374396135266,"KNM","UKN"
"580","Unknowns Bullet 'O'","Unknowns Bullet 'Y'",0.533333333333333,0,6,4.33333333333333,0.0220845410628019,0.0102898550724637,0.24,0.176763285024155,"KNM","UKN"
"581","Unknowns Bullet 'P'","Unknowns Bullet 'S'",0.633333333333333,0.5,7,4.83333333333333,0.0305555555555556,0.0338768115942029,0.35,0.21231884057971,"KNM","UKN"
"582","Unknowns Bullet 'P'","Unknowns Bullet 'T'",0.933333333333333,0.5,7,4.83333333333333,0.0391908212560386,0.0420289855072464,0.3,0.208454106280193,"KNM","UKN"
"583","Unknowns Bullet 'P'","Unknowns Bullet 'U'",0.5,0,6,4.33333333333333,0.0214492753623189,0.00362318840579709,0.25,0.18731884057971,"KNM","UKN"
"584","Unknowns Bullet 'P'","Unknowns Bullet 'X'",0.533333333333333,1,6,4.5,0.0244685990338164,0.0461956521739131,0.3,0.195954106280193,"KNM","UKN"
"585","Unknowns Bullet 'P'","Unknowns Bullet 'Y'",0.833333333333333,0.5,9,5,0.0356521739130435,0.0208333333333333,0.375,0.214794685990338,"KNM","UKN"
"586","Unknowns Bullet 'S'","Unknowns Bullet 'T'",0.6,0.5,7,4.5,0.0247676767676768,0.0309090909090909,0.28,0.185025252525253,"KNM","UKN"
"587","Unknowns Bullet 'S'","Unknowns Bullet 'U'",1.13333333333333,1,7,5.33333333333333,0.0463333333333333,0.0290909090909091,0.291666666666667,0.218914141414141,"KNM","UKN"
"588","Unknowns Bullet 'S'","Unknowns Bullet 'X'",0.966666666666667,1,7,5,0.0380252525252525,0.0366666666666667,0.28,0.204469696969697,"KNM","UKN"
"589","Unknowns Bullet 'S'","Unknowns Bullet 'Y'",0.766666666666667,1.5,7,5,0.0323383838383838,0.0736363636363636,0.291666666666667,0.206489898989899,"KNM","UKN"
"590","Unknowns Bullet 'T'","Unknowns Bullet 'U'",1.3,0.5,8,6,0.0527777777777778,0.0241666666666667,0.333333333333333,0.243611111111111,"KNM","UKN"
"591","Unknowns Bullet 'T'","Unknowns Bullet 'X'",1.26666666666667,1,9,5.83333333333333,0.0515,0.0408333333333333,0.36,0.236944444444444,"KNM","UKN"
"592","Unknowns Bullet 'T'","Unknowns Bullet 'Y'",0.9,1,9,5.5,0.0356111111111111,0.0366666666666667,0.36,0.222222222222222,"KNM","UKN"
"593","Unknowns Bullet 'U'","Unknowns Bullet 'X'",13.0333333333333,12,22,16.8333333333333,0.540055555555556,0.4875,0.916666666666667,0.697222222222222,"KM","UKN"
"594","Unknowns Bullet 'U'","Unknowns Bullet 'Y'",0.800000000000001,1,8,5.16666666666667,0.0331111111111111,0.0375,0.333333333333333,0.213888888888889,"KNM","UKN"
"595","Unknowns Bullet 'X'","Unknowns Bullet 'Y'",0.533333333333333,1,7,4.83333333333333,0.0219202898550725,0.0416666666666667,0.291666666666667,0.202596618357488,"KNM","UKN"
